region,index,sequence
0,0,XXYYIXIXIIYIXXYXYIYXIYYYXIYIIX
0,1,YIYYYIXYIXIXIXYXYIIXXXIIYIXIXX
0,2,IXIYYIXYYXYIIYYXIXXXXYIIXYYIXI
0,3,YXXXIXIXIYYYIIXIYXXXIIYIIIYIII
0,4,XIIIXIIIXYYXXXYIXXIYIXYYXYIIYI
0,5,XYYXXXIIIIXYYYXYIIXXXXYYIYYYYY
0,6,YYIXIIIYYIXXXXIYYXXXIIYXYYIXXY
0,7,IIXXXXIXYXIXIYIXIXIXYYIXYIIIIY
0,8,YXIYXXIXXXYIXYYYXXXXYIXYIXIIYI
0,9,IXYXYXXIYYIXIXYYXIYIIYIIIXYXYX
0,10,IIIIIIIIIIIIIIIIIIIIIIIIIIIIII
1,0,XXIYXYIXYXYXXXIXXXYIYXYYIIXXIY
1,1,XYIXIXXIIXXXXIYYYIIYIIIIXXYXII
1,2,IYXXYXYYYIYYXXYIXYXYYXIIYXYXYX
1,3,XXYYIXXXYIXYIYIXYYYYXYXXYYYIYI
1,4,IXXIIXYXIXIYIIIXIIIIIIIIIYIXIY
1,5,YXXIYXXYXYXXYXIYIXIYXYIXIXIXII
1,6,IXXYYYXIXXYXYXIXYIXYIXXXXXYXXX
1,7,YYIYXYIYXIYIYXXXXXYXYXYIXYYXXI
1,8,IXIYYYIXIYIYXYYIYYIXIIXIIYIIIX
1,9,XXXIXYIIYXXYXIYIIXXIXYIIYYYIXX
1,10,IIIIIIIIIIIIIIIIIIIIIIIIIIIIII
