s0,s1,n00,n01,n10,n11
0,19,2826,47285,2896,46993
0,6,24850,25082,25094,24974
0,17,25085,25102,24919,24894
0,3,25050,24973,24842,25135
0,15,25048,25059,25043,24850
0,5,47043,2802,47238,2917
0,14,24661,25175,25115,25049
1,2,46942,47557,2712,2789
1,7,47045,47156,2851,2948
1,14,47019,47350,2870,2761
1,17,47073,47131,2893,2903
1,3,47018,47413,2782,2787
1,5,89807,4472,4575,1146
1,9,47065,47209,2879,2847
1,11,4612,89613,1134,4641
2,12,47144,47181,2820,2855
2,2,47291,47132,2809,2768
2,7,47346,46992,2764,2898
2,14,47181,47128,2860,2831
2,6,47259,47006,2885,2850
2,11,4584,89731,1130,4555
2,19,4615,89730,1131,4524
2,1,46959,47310,2849,2882
3,16,24987,24882,25270,24861
3,5,47111,2825,47162,2902
3,14,25113,25292,24706,24889
3,9,25049,25022,24984,24945
3,10,24916,25087,25091,24906
3,2,24817,25207,24998,24978
3,3,24923,25024,25077,24976
4,11,2826,46880,2844,47450
4,15,25166,24626,25167,25041
4,2,25089,24888,24911,25112
4,10,24790,25128,25161,24921
4,13,2849,47256,2837,47058
4,8,24840,25092,25071,24997
4,19,2873,47413,2898,46816
4,9,25040,25074,24888,24998
4,14,25000,24766,24962,25272
4,16,24834,25069,24952,25145
5,13,4631,89609,1149,4611
5,7,47333,47169,2793,2705
5,8,46944,47246,2871,2939
5,12,47091,47162,2842,2905
5,18,46993,47145,2914,2948
5,1,47319,47020,2892,2769
5,10,46952,47412,2831,2805
5,16,47446,46926,2901,2727
6,2,25102,25047,24847,25004
6,7,25150,24841,24722,25287
6,3,25065,25050,24859,25026
6,17,24981,25099,24994,24926
6,16,25175,24823,24777,25225
6,12,24881,24894,25028,25197
6,11,2856,47276,2825,47043
7,9,2874,2815,47177,47134
7,3,2823,2861,47031,47285
7,8,2849,2815,47262,47074
7,15,2705,2882,47074,47339
7,14,2872,2839,47183,47106
7,10,2816,2867,46932,47385
7,2,3040,2784,47077,47099
8,18,25102,24947,24925,25026
8,11,2879,47203,2750,47168
8,5,47228,2899,47014,2859
8,17,24793,25065,24966,25176
8,0,24800,25108,24932,25160
8,1,25024,25026,25102,24848
8,19,2724,47042,2795,47439
8,4,24965,25134,25152,24749
8,3,24984,24895,25071,25050
9,17,25047,24839,25159,24955
9,4,25081,24956,24881,25082
9,1,24781,24923,25060,25236
9,8,24860,25144,25140,24856
9,13,2881,46689,2790,47640
9,3,25135,25084,25000,24781
9,5,47230,2823,47067,2880
9,18,25228,24935,24876,24961
9,10,25013,25059,25007,24921
10,16,25199,24858,24930,25013
10,3,24977,25068,25149,24806
10,12,24881,25053,24892,25174
10,18,25132,24906,25087,24875
10,14,24975,25067,24973,24985
10,6,25134,24792,24987,25087
10,19,2923,47019,2890,47168
11,12,25296,24896,24902,24906
11,7,25034,24937,25011,25018
11,18,25034,24814,24953,25199
11,11,2799,47142,2847,47212
11,1,24942,25139,24953,24966
11,15,24713,25278,25022,24987
11,17,25068,24614,25201,25117
11,5,47076,2896,47296,2732
12,3,24652,25071,25139,25138
12,8,25176,25289,24809,24726
12,10,24691,25150,24980,25179
12,6,25102,25197,24752,24949
12,2,25102,25068,25251,24579
12,19,2851,47082,2824,47243
12,18,25104,24791,25178,24927
12,5,47504,2819,46812,2865
13,18,2844,2799,47067,47290
13,4,2824,2811,47273,47092
13,16,2774,2875,46805,47546
13,3,2831,2826,47187,47156
13,19,1129,4584,4626,89661
13,13,1162,4503,4624,89711
13,2,2808,2851,47196,47145
13,14,2720,2765,47019,47496
13,6,2868,2776,47376,46980
14,19,2813,47124,2864,47199
14,18,24988,24720,25069,25223
14,10,24770,25309,24819,25102
14,9,24932,25062,25022,24984
14,17,25159,25013,24839,24989
14,4,25236,24725,24906,25133
14,16,24874,24895,25145,25086
14,11,2815,46877,2872,47436
15,2,25137,25084,24684,25095
15,4,24950,24998,25047,25005
15,14,24679,24984,25208,25129
15,6,24896,25010,24845,25249
15,12,24814,25057,24915,25214
15,10,25019,25016,24906,25059
15,1,25081,24832,24892,25195
15,18,24865,25042,25099,24994
15,19,2851,46923,2839,47387
16,18,47065,47294,2846,2795
16,7,47419,47034,2827,2720
16,0,47351,46957,2868,2824
16,19,4503,89766,1186,4545
16,15,47168,47101,2931,2800
16,5,89874,4599,4429,1098
16,6,47088,47224,2887,2801
16,17,46945,47336,2892,2827
16,14,47029,47334,2839,2798
17,2,2865,2776,47154,47205
17,10,2724,2773,47256,47247
17,17,2895,2803,47254,47048
17,9,2822,2896,46989,47293
17,3,2817,2871,47235,47077
17,7,2895,2820,47264,47021
17,6,2784,2864,47270,47082
17,15,2806,2836,47037,47321
18,5,47531,2887,46791,2791
18,9,25054,24786,25057,25103
18,7,25088,24660,25022,25230
18,16,25037,25014,24916,25033
18,1,24919,24987,24968,25126
18,12,24959,25096,25196,24749
18,14,25077,25177,24917,24829
18,4,25122,25071,24944,24863
19,8,25193,24838,25062,24907
19,1,25097,24856,25103,24944
19,16,25012,24924,25107,24957
19,19,2891,47309,2870,46930
19,4,24978,25060,24871,25091
19,3,25119,24871,25079,24931
19,6,25162,24904,25009,24925
0,0,24744,25041,25026,25189
19,0,25152,24977,24847,25024
12,0,25027,24746,24912,25315
17,0,2787,2774,47409,47030
13,0,2851,2843,47237,47069
2,0,47268,47099,2847,2786
10,0,24921,25058,25008,25013
13,1,2848,2764,47299,47089
6,1,25117,24998,24943,24942
16,2,47437,46823,2834,2906
5,2,47064,47297,2760,2879
18,2,24971,25211,24932,24886
18,3,25081,24889,24977,25053
16,3,46994,47133,2942,2931
0,4,25257,24892,25002,24849
2,4,47083,47209,2868,2840
1,4,47130,47255,2747,2868
17,4,2864,2920,47214,47002
12,4,25005,24862,24934,25199
4,4,25278,24971,24877,24874
6,4,25041,24966,24888,25105
5,5,89694,4526,4616,1164
15,5,47298,2818,47093,2791
10,5,47037,2833,47241,2889
6,5,47087,2845,47248,2820
14,6,25338,24897,24938,24827
6,6,25041,24747,24889,25323
8,6,24774,25117,24992,25117
3,6,24831,25055,25048,25066
7,6,2861,2863,46962,47314
19,7,25142,24873,24906,25079
9,7,24842,25031,25159,24968
3,7,24915,24881,25139,25065
13,7,2755,2803,47122,47320
1,8,47186,47233,2757,2824
17,8,2848,2815,46924,47413
10,8,24950,25122,24963,24965
11,8,24700,25206,24927,25167
13,8,2852,2797,47046,47305
19,9,25021,25044,24976,24959
9,9,25069,25052,24751,25128
15,9,24899,25042,24906,25153
12,9,25133,25091,24968,24808
13,9,2724,2798,47103,47375
6,10,25127,25048,25025,24800
0,10,25110,24829,25030,25031
11,10,25074,24811,25028,25087
7,11,1111,4658,4628,89603
3,11,2875,47238,2845,47042
13,11,1103,4517,4548,89832
10,11,2877,46895,2864,47364
13,12,2762,2878,47325,47035
14,12,24716,24961,25208,25115
7,12,2893,2793,47213,47101
1,12,47215,47131,2794,2860
17,12,2777,2810,47064,47349
3,12,24860,25175,25133,24832
1,13,4576,89715,1143,4566
6,13,2806,46845,2899,47450
17,13,1101,4536,4619,89744
16,13,4505,89695,1163,4637
18,13,2952,47250,2898,46900
7,13,1142,4650,4572,89636
3,13,2878,47161,2897,47064
8,14,25160,24876,25098,24866
14,14,25046,25138,24798,25018
12,14,25076,25020,25076,24828
11,14,24764,25268,24836,25132
14,15,24943,24918,25137,25002
3,15,25056,25003,24861,25080
12,15,25026,24878,25072,25024
15,15,25083,24806,25272,24839
2,15,47346,47028,2777,2849
9,15,25068,24774,24922,25236
19,15,24920,25041,25077,24962
12,16,24951,25297,24742,25010
15,16,25044,25016,24944,24996
9,16,24785,25118,25176,24921
2,16,47173,47166,2807,2854
11,16,24836,25205,24975,24984
5,17,47014,47323,2843,2820
7,17,2913,2746,47391,46950
15,17,25089,25113,24927,24871
13,17,2862,2922,47014,47202
1,18,47193,47115,2867,2825
18,18,24987,24962,25249,24802
4,18,25029,24839,24972,25160
6,18,25154,24948,24814,25084
18,19,2736,47165,2853,47246
6,19,2888,47110,2931,47071
