s0,s1,s2,s3,s4,s5,n000000,n000001,n000010,n000011,n000100,n000101,n000110,n000111,n001000,n001001,n001010,n001011,n001100,n001101,n001110,n001111,n010000,n010001,n010010,n010011,n010100,n010101,n010110,n010111,n011000,n011001,n011010,n011011,n011100,n011101,n011110,n011111,n100000,n100001,n100010,n100011,n100100,n100101,n100110,n100111,n101000,n101001,n101010,n101011,n101100,n101101,n101110,n101111,n110000,n110001,n110010,n110011,n110100,n110101,n110110,n110111,n111000,n111001,n111010,n111011,n111100,n111101,n111110,n111111
0,9,7,6,5,1,8,61,7,69,9,55,5,73,40,545,49,499,36,499,38,501,7,86,8,76,5,73,3,70,35,537,43,482,45,545,42,511,2,75,11,51,5,89,6,81,33,495,45,525,45,496,52,515,5,69,7,78,8,72,11,65,42,493,40,465,43,473,48,493
0,9,3,6,8,7,142,147,155,177,153,144,164,178,171,155,145,155,162,165,152,157,135,154,161,179,154,163,141,151,171,163,148,161,168,166,142,158,151,159,154,138,164,147,142,182,151,163,153,153,127,156,161,127,184,137,171,166,158,146,156,156,129,179,166,142,188,158,150,149
0,10,7,4,1,9,9,9,12,10,105,116,134,107,81,76,80,76,950,937,881,876,2,0,0,1,16,12,17,12,8,12,11,7,125,110,100,97,7,9,4,12,116,111,112,140,82,50,77,79,956,957,889,906,0,2,0,0,17,13,17,12,9,6,3,7,108,98,114,98
0,5,0,8,6,3,298,255,299,294,23,25,27,22,302,281,332,302,22,17,35,32,265,292,298,287,22,32,27,23,288,298,297,253,16,19,23,33,284,321,268,295,26,29,24,26,299,297,276,258,23,14,25,24,268,275,286,295,27,20,24,32,271,318,277,280,26,21,35,17
0,5,1,2,8,3,155,143,148,149,170,145,163,165,178,158,181,137,168,138,163,178,171,167,150,156,156,151,173,146,159,160,149,144,158,143,167,155,173,134,163,150,147,155,155,146,156,160,152,147,163,163,173,169,148,142,169,157,163,153,152,163,157,142,169,152,158,147,129,149
1,6,9,9,7,4,529,35,530,43,42,4,54,8,538,55,516,40,45,5,46,6,535,52,511,49,56,4,35,6,496,36,524,48,41,1,49,4,499,42,539,53,46,6,51,5,545,37,537,52,41,4,48,2,523,46,531,39,41,1,40,2,552,64,544,61,51,4,50,1
1,9,5,10,9,6,1018,79,1018,97,54,4,63,4,96,12,70,5,2,0,2,1,1049,88,1024,80,33,4,52,5,83,7,93,3,3,0,4,0,1004,102,1026,88,57,3,59,3,75,9,70,8,1,0,7,2,1040,78,967,76,50,3,42,7,86,6,66,6,1,0,4,1
1,2,0,6,1,1,4,87,9,87,7,77,2,80,5,91,5,74,4,82,7,80,34,539,40,492,42,477,46,524,41,546,42,506,43,500,43,471,5,74,8,80,3,78,2,72,8,72,5,69,7,75,6,85,53,507,46,489,45,490,46,494,43,483,47,496,28,475,46,476
1,10,4,2,10,8,1904,121,103,4,1877,129,93,9,261,21,17,1,259,23,12,1,87,4,4,0,94,1,4,0,19,1,0,0,6,0,0,0,1784,152,86,7,1846,113,89,9,265,24,6,0,266,17,16,0,111,6,4,0,97,7,5,0,14,4,1,0,16,0,0,0
1,1,9,4,4,2,11,18,25,26,283,299,263,306,20,28,20,22,273,287,290,320,23,26,32,22,291,272,304,288,17,23,21,24,307,273,311,281,19,29,25,27,288,327,265,273,27,26,20,17,298,264,298,266,28,29,19,27,295,265,319,283,22,20,26,20,308,284,304,276
2,7,7,10,7,2,4,18,8,10,0,1,1,0,122,138,148,118,7,6,9,6,17,8,12,9,0,0,3,2,149,138,133,124,11,7,6,8,96,92,95,66,3,3,3,3,977,933,968,954,43,54,56,57,67,65,83,81,2,8,1,7,935,985,945,1007,52,54,39,43
2,0,3,3,5,8,11,0,16,1,148,8,144,10,6,0,12,3,123,12,138,11,15,2,15,1,112,10,150,8,14,0,8,3,114,12,132,11,85,7,73,6,989,70,912,74,74,6,71,6,951,96,942,68,80,3,68,2,918,76,950,73,80,7,79,9,942,66,913,54
2,5,6,8,6,6,150,15,140,6,12,2,10,1,126,11,130,12,14,0,9,0,152,11,147,12,12,1,15,1,141,7,141,17,10,1,10,1,967,79,903,74,75,6,78,11,896,76,902,70,77,6,76,8,981,74,932,78,75,7,72,8,907,73,929,84,76,2,77,4
2,9,4,9,6,10,156,7,154,4,10,1,16,0,29,0,19,1,1,0,2,0,154,5,162,3,9,1,20,0,21,3,27,2,2,0,2,0,1762,72,1732,92,158,9,174,7,273,20,319,18,24,1,23,3,1709,85,1706,80,143,5,148,4,271,9,267,21,22,0,29,3
2,3,9,10,7,4,128,13,148,16,3,0,11,0,130,17,177,13,7,1,6,0,171,13,137,10,6,0,8,0,159,12,148,15,9,1,5,1,986,80,850,66,42,2,48,3,909,83,922,69,49,4,52,5,1012,75,996,88,48,8,46,3,934,86,996,90,43,1,37,2
3,6,7,10,0,3,66,84,77,63,4,2,5,4,953,967,942,1003,55,60,46,39,86,87,74,81,4,3,4,2,926,950,1026,914,48,49,46,39,12,10,15,12,1,1,0,0,152,143,120,137,8,7,4,6,15,15,13,12,1,0,1,0,143,133,145,149,8,9,12,7
3,5,4,4,3,9,80,69,69,65,975,906,822,899,9,13,3,12,122,124,105,122,72,69,65,50,931,916,904,931,14,11,18,5,138,118,109,125,13,10,11,11,134,104,111,101,1,3,1,2,12,16,21,20,11,10,8,9,125,106,120,118,1,0,1,1,12,13,12,11
3,9,5,3,4,3,70,64,73,80,857,908,876,853,16,9,6,15,128,137,131,128,71,71,85,73,821,879,928,847,7,11,13,14,123,126,128,118,8,12,16,7,146,156,135,124,1,4,1,2,15,19,28,15,12,7,7,9,135,135,134,121,1,1,2,0,16,21,21,23
3,10,4,3,8,4,265,25,249,21,2843,215,2875,249,33,1,35,2,436,35,411,23,32,4,19,3,332,33,320,33,6,0,3,2,60,3,54,4,32,2,33,0,430,35,464,31,8,0,7,1,70,6,71,7,4,0,7,1,52,10,74,9,0,0,1,0,11,0,8,0
3,10,6,1,1,6,890,79,858,73,894,67,893,66,934,79,867,79,882,65,975,85,121,7,93,8,118,9,103,6,118,9,115,8,101,2,105,6,120,13,141,9,147,6,130,10,131,14,127,15,127,11,135,7,18,0,15,4,18,2,22,0,16,1,7,1,23,1,11,3
4,7,7,3,2,5,1,4,2,3,23,26,18,19,11,10,9,11,126,145,138,123,1,0,4,1,23,26,20,23,9,11,5,15,125,120,97,133,8,8,18,8,127,154,115,131,79,68,68,65,865,843,877,927,7,10,9,4,121,127,126,114,63,72,63,85,898,900,894,864
4,5,7,3,7,3,1,1,2,3,13,20,26,18,10,12,11,5,113,140,145,141,3,0,2,3,15,18,25,14,9,8,9,13,149,134,115,136,8,8,11,12,147,105,136,138,87,63,64,69,918,857,898,847,10,6,6,11,134,103,125,115,59,74,64,80,843,917,873,898
4,8,10,4,10,7,25,23,0,2,275,261,14,17,3,2,0,0,24,22,0,2,14,20,2,1,255,246,13,13,3,0,0,0,21,24,2,2,147,119,2,7,1765,1697,98,82,14,11,1,1,168,187,10,10,134,121,7,9,1730,1776,81,96,14,16,1,1,194,202,8,5
4,5,3,5,2,6,10,2,13,1,136,10,135,13,8,1,15,2,155,9,127,9,12,1,6,0,115,11,145,12,10,1,7,0,141,16,119,6,87,12,90,2,864,73,992,82,83,7,67,6,930,91,969,80,88,4,89,4,891,77,919,98,79,3,69,3,907,89,937,60
4,1,0,9,9,4,125,12,130,10,12,1,18,1,122,13,146,11,10,2,11,5,123,14,151,7,15,0,16,0,147,6,161,7,7,3,12,2,950,78,926,76,78,15,87,7,881,78,901,70,73,10,92,4,915,97,900,82,88,6,83,10,940,78,916,92,81,11,72,3
5,10,6,8,0,9,100,111,112,120,14,9,8,15,121,130,121,118,18,11,15,13,7,7,17,12,0,2,2,0,5,8,14,23,3,1,0,1,919,895,960,919,81,84,85,71,928,968,930,876,81,70,63,77,101,108,94,104,6,13,12,7,96,90,95,98,11,8,6,6
5,2,8,9,7,10,11,0,13,1,1,0,0,0,34,3,38,3,8,0,6,1,56,3,43,1,1,0,5,0,236,11,229,12,20,0,19,1,83,3,67,3,5,0,7,0,512,22,461,26,32,2,32,2,461,35,505,24,50,4,56,4,2959,154,2994,152,265,9,297,18
5,3,6,5,3,2,8,0,6,3,76,69,65,67,7,10,9,3,62,68,72,60,7,5,9,9,76,78,53,73,7,4,1,6,77,66,70,70,41,42,40,32,524,498,518,484,36,41,41,33,540,526,528,488,39,38,47,54,494,481,510,519,32,51,40,55,536,501,501,494
5,3,8,7,9,8,19,2,19,1,17,3,18,1,128,14,128,7,105,9,122,7,18,2,35,1,21,2,29,2,112,6,111,12,110,10,131,7,137,7,149,14,158,12,152,12,913,45,873,77,896,79,876,76,119,13,139,15,117,9,165,13,869,62,849,68,861,60,884,72
5,0,2,8,2,4,230,20,253,13,16,2,23,1,36,4,35,0,3,0,3,0,225,29,224,20,24,2,22,4,35,5,30,1,5,0,6,0,1603,157,1585,136,125,12,114,6,270,17,240,18,20,4,18,1,1627,153,1567,130,145,13,153,11,271,26,238,23,25,3,17,1
6,10,8,9,6,10,52,2,35,1,6,0,4,1,304,11,266,7,19,5,33,1,7,0,3,0,0,0,0,0,39,1,35,2,3,0,2,0,528,24,495,27,39,0,36,2,3144,148,3065,153,294,14,273,14,51,5,57,4,7,1,5,1,326,17,347,17,32,4,29,2
6,4,10,2,5,6,151,13,142,7,124,16,123,11,14,0,14,1,12,2,15,5,149,12,148,11,150,19,152,11,20,1,13,1,17,5,20,0,887,80,909,62,870,75,888,71,94,6,101,10,129,6,90,13,855,82,921,76,926,63,913,80,101,11,86,8,98,6,94,10
6,7,9,6,6,6,70,8,82,6,76,3,64,3,79,6,87,4,77,2,76,9,69,10,57,3,70,6,87,8,78,3,90,13,68,8,59,5,519,59,508,35,515,53,513,47,508,48,451,35,503,46,484,36,510,57,489,39,491,45,502,50,519,29,493,52,527,49,468,34
6,3,8,2,8,1,2,15,4,19,3,20,2,13,14,139,18,140,11,142,13,145,0,21,1,24,4,15,1,22,10,128,7,136,13,145,13,144,11,138,15,124,11,127,10,118,67,879,80,869,86,844,82,876,7,140,13,167,15,114,12,150,71,865,68,830,79,792,73,883
6,8,9,7,10,2,55,88,2,4,76,84,6,9,70,80,3,2,62,62,4,4,76,64,5,5,73,71,6,4,75,78,5,1,74,75,5,9,528,527,21,27,515,539,23,27,506,531,29,22,525,528,27,18,503,527,21,31,526,544,20,26,516,538,22,19,492,528,35,22
7,4,3,7,7,9,159,163,141,143,168,156,149,161,157,127,158,165,165,153,165,152,169,154,154,158,172,142,169,159,161,154,148,162,170,150,166,161,158,159,151,118,162,151,142,166,127,145,148,179,154,152,157,163,167,145,138,183,145,163,163,150,159,150,154,169,142,187,158,164
7,10,2,7,4,10,956,40,886,38,929,49,940,35,145,10,154,4,140,9,160,3,111,7,88,7,91,9,108,6,16,3,14,1,16,1,15,0,975,42,890,44,927,46,930,46,144,9,158,1,164,9,158,12,89,10,80,7,92,4,101,7,10,1,13,0,20,0,20,0
7,1,6,7,7,9,155,153,145,170,160,152,149,148,131,135,157,142,177,159,155,154,148,181,153,158,133,179,190,148,164,164,167,156,169,176,151,156,159,169,163,156,142,141,162,135,159,142,144,160,167,148,156,163,153,148,151,151,160,168,152,167,147,175,174,139,146,179,149,140
7,4,1,8,3,10,560,35,514,24,48,1,46,5,571,29,557,26,50,1,44,0,516,32,528,23,63,2,51,3,560,23,581,28,39,3,63,5,531,25,560,27,61,2,29,2,568,24,548,27,43,4,40,2,527,24,588,22,39,2,50,3,541,30,523,28,48,4,46,1
7,8,9,1,8,2,161,169,153,152,189,144,163,150,153,134,173,168,168,170,179,144,167,141,183,174,150,167,168,157,170,170,156,156,136,165,143,148,137,164,180,148,148,164,139,141,146,157,145,140,162,167,156,160,151,140,156,158,146,159,143,140,166,172,126,141,158,167,163,139
8,5,7,1,9,2,39,39,42,38,44,31,40,27,235,287,285,283,269,290,274,285,31,38,31,39,40,58,46,44,301,277,268,272,293,269,273,268,27,49,29,35,33,38,48,41,284,273,298,280,247,271,243,245,37,48,38,39,47,41,36,45,238,283,273,279,235,309,307,248
8,10,1,2,4,2,263,265,286,285,285,291,266,291,288,273,286,298,286,311,289,287,34,26,22,27,27,36,29,15,29,28,30,31,19,31,36,21,289,292,298,295,300,267,287,265,284,298,264,295,271,261,304,275,35,29,29,36,25,26,34,26,25,31,28,24,19,35,37,25
8,6,4,10,5,7,545,547,520,589,32,29,23,35,41,53,35,57,2,0,5,1,554,546,576,525,30,29,32,35,44,48,52,40,2,2,6,1,545,540,581,524,33,34,25,26,49,47,33,46,2,0,0,3,544,551,544,522,36,34,25,25,36,47,58,46,3,4,1,0
8,4,8,10,0,5,34,50,48,53,4,2,2,0,556,541,598,531,28,34,36,22,50,46,46,40,4,1,2,1,555,539,582,573,26,36,29,26,58,50,47,50,6,2,1,2,560,509,539,514,21,30,22,32,47,45,49,48,1,2,5,2,514,589,488,563,22,34,26,27
8,1,5,9,9,10,931,59,993,55,75,3,86,4,157,10,160,8,9,0,11,0,1002,46,900,49,92,4,86,5,138,9,156,8,14,0,17,0,885,52,918,53,85,4,82,3,146,8,140,7,14,0,15,0,990,42,988,40,76,2,66,4,118,5,137,7,12,0,14,0
9,10,4,3,3,7,63,66,81,90,882,895,911,883,17,11,8,10,136,157,128,148,10,6,10,9,90,110,98,110,0,0,2,2,15,13,22,17,76,80,78,91,917,886,902,914,14,10,11,6,97,147,118,143,5,9,7,7,123,116,107,88,1,2,1,1,12,14,9,8
9,4,5,7,5,5,277,260,285,286,254,281,266,269,38,43,43,38,61,50,39,40,294,262,242,262,260,261,260,275,38,42,39,36,45,41,42,41,267,245,263,270,268,289,274,285,43,36,46,37,54,44,46,44,269,240,277,277,322,264,274,239,39,50,42,47,47,36,57,39
9,6,8,6,6,2,48,42,47,54,29,46,40,41,269,250,262,291,272,282,274,278,30,41,41,53,31,39,47,45,272,263,253,273,250,259,245,279,44,43,49,43,50,38,42,46,283,268,284,244,287,277,247,282,41,31,33,42,26,39,50,35,282,279,285,252,300,269,290,273
9,2,9,3,10,4,16,0,2,0,160,10,7,0,14,1,1,0,175,18,13,0,143,14,9,0,1812,149,102,6,150,12,8,2,1846,171,94,7,16,0,0,0,143,7,9,2,12,2,0,0,184,8,10,0,150,14,8,0,1882,151,88,9,148,17,13,2,1906,173,96,8
9,4,3,2,5,10,314,18,325,21,326,11,277,14,277,9,275,13,303,10,312,26,329,16,307,11,296,21,278,17,275,11,280,13,296,13,301,14,310,14,296,14,317,17,300,21,294,13,332,15,267,16,276,16,297,17,308,8,281,19,294,13,264,17,324,17,293,14,291,16
0,0,10,7,7,2,256,303,268,292,240,278,296,269,44,26,35,27,48,34,34,37,284,264,239,265,285,273,275,293,41,39,32,30,25,46,36,32,269,304,291,250,271,280,271,283,39,31,38,40,33,43,32,31,272,271,288,296,276,293,279,293,37,38,33,30,33,40,34,35
1,0,7,10,2,0,46,34,39,39,2,0,3,4,570,596,481,561,33,26,25,29,38,50,56,41,6,0,9,1,539,536,566,536,28,23,31,32,51,46,48,41,3,0,1,1,527,619,578,561,24,23,24,27,55,39,46,58,2,1,3,2,516,510,576,537,28,20,29,24
9,0,0,10,6,6,551,47,568,39,38,2,24,2,520,43,586,53,21,3,26,4,560,47,530,39,21,1,24,4,563,43,570,46,25,4,21,1,567,47,555,47,15,3,19,1,533,31,571,38,22,0,22,1,557,49,583,43,22,1,27,3,523,51,535,47,26,3,31,1
7,0,3,2,2,4,281,29,300,22,300,36,294,18,294,26,301,33,287,30,285,15,275,16,288,21,255,21,298,26,294,16,290,21,288,29,294,20,296,27,291,22,265,27,277,22,278,22,286,32,303,24,303,25,270,25,280,29,301,33,269,23,282,26,323,14,300,23,276,23
7,0,1,8,9,3,295,309,313,291,19,23,22,20,324,296,296,283,30,19,23,31,267,285,280,307,36,26,27,18,248,306,276,274,25,29,29,22,315,307,302,293,24,23,23,17,292,256,282,268,29,16,30,21,257,291,277,322,26,19,23,36,280,249,287,277,26,25,24,34
4,1,1,10,8,6,126,10,138,12,6,0,7,2,147,10,143,10,13,0,5,1,128,15,138,10,5,0,9,0,150,7,124,10,9,1,2,0,940,85,922,71,61,2,44,2,977,79,990,82,47,2,60,3,974,91,986,68,47,4,52,4,949,80,950,80,50,6,48,6
3,1,9,9,4,0,487,499,490,506,36,36,54,40,468,488,529,480,41,43,44,44,470,507,503,511,51,36,46,48,521,492,481,502,49,42,36,38,81,72,79,85,8,9,9,3,69,70,81,76,6,12,5,7,80,88,103,69,13,3,6,11,81,76,75,81,2,7,6,9
9,1,7,3,6,0,3,6,2,12,76,68,81,82,45,44,53,37,504,485,460,540,5,8,4,8,75,82,66,72,30,44,37,48,474,457,531,555,7,7,2,7,72,81,68,86,43,46,42,51,501,501,523,511,5,5,6,6,84,82,47,70,27,37,39,41,478,493,524,514
3,1,3,3,1,8,77,1,87,6,960,65,934,89,78,6,69,3,962,66,911,69,70,8,70,6,963,74,929,70,94,6,100,7,873,65,957,61,9,1,15,4,116,16,156,6,7,1,13,0,136,9,149,8,7,1,11,0,117,21,137,8,12,1,10,1,127,5,152,8
8,1,10,1,10,4,970,70,43,8,963,81,61,5,106,11,4,0,124,13,7,0,964,83,45,3,963,80,48,4,116,5,4,1,100,7,7,0,990,91,52,4,966,92,49,2,127,11,6,0,120,8,3,2,1061,75,61,5,992,80,42,2,116,8,1,0,128,8,2,0
9,2,5,10,1,8,276,19,283,19,19,0,10,2,16,2,17,2,1,0,0,2,1757,142,1702,134,89,16,88,6,145,11,159,12,6,0,3,0,278,24,272,11,13,1,14,3,13,1,17,2,0,0,0,0,1868,145,1749,132,90,6,96,5,140,12,148,10,4,0,7,1
1,2,4,9,6,2,119,115,150,129,12,12,14,6,20,26,15,15,2,2,1,0,865,941,888,850,80,64,79,75,149,130,129,123,15,11,10,16,122,129,117,125,15,9,10,8,21,17,21,15,2,1,4,1,853,851,897,831,82,80,80,87,131,134,129,114,13,7,17,14
6,2,0,8,3,4,37,2,41,4,6,1,8,0,39,3,41,3,4,0,5,2,250,19,227,20,21,3,25,4,237,18,260,23,18,1,21,1,224,19,225,18,20,4,14,0,269,16,228,13,19,2,25,1,1608,136,1577,142,144,10,130,12,1586,146,1659,129,120,15,136,9
5,2,5,2,3,6,28,1,41,3,28,2,26,2,8,0,5,1,4,1,4,0,218,27,221,21,207,16,229,19,34,2,40,0,32,0,29,2,236,20,237,20,219,22,217,18,34,5,22,4,31,2,30,3,1533,124,1538,118,1536,128,1546,109,221,24,248,16,231,22,217,18
4,2,3,5,5,3,0,4,3,1,18,26,21,22,0,1,0,1,18,23,19,14,12,5,12,7,130,135,111,139,11,11,6,9,135,121,133,138,18,6,10,15,128,141,124,150,13,6,16,8,125,141,160,140,76,65,54,79,862,863,878,905,82,66,79,65,863,933,802,841
1,3,8,10,0,0,41,44,54,45,4,4,5,1,590,542,547,523,23,25,36,23,36,58,61,48,2,3,2,2,540,533,472,517,22,24,27,32,54,38,46,56,2,1,4,4,562,546,579,605,32,24,27,29,46,46,41,44,5,3,4,3,566,537,552,539,32,34,25,28
5,3,3,0,0,5,83,85,79,72,5,7,5,8,87,69,77,54,8,7,5,9,77,63,74,78,10,10,6,7,70,76,78,62,3,5,8,8,464,523,506,519,43,43,39,48,483,500,472,499,44,38,38,44,554,510,509,503,38,46,38,27,502,539,483,500,48,32,31,42
3,3,9,5,2,7,36,42,44,45,493,533,517,531,57,36,46,34,491,516,443,492,38,31,37,36,531,523,498,514,37,45,41,41,496,468,507,530,8,10,5,6,72,72,86,89,12,3,4,7,79,78,78,76,10,6,7,3,63,77,62,69,3,7,4,6,61,76,69,63
7,3,7,8,10,8,240,25,9,2,15,2,0,0,1800,125,94,9,152,9,8,1,274,9,16,0,28,2,1,1,1726,128,90,4,153,9,11,0,272,22,13,1,21,3,0,0,1825,122,104,5,170,12,7,0,270,22,11,2,21,3,2,0,1693,143,103,8,183,10,9,0
4,3,9,4,8,9,3,4,5,13,81,61,67,64,4,6,5,1,65,53,70,53,5,10,8,6,62,66,63,67,7,7,6,7,65,55,76,57,40,34,48,34,543,495,495,503,37,43,40,39,520,535,502,554,37,33,43,33,512,545,498,522,34,45,43,32,532,473,515,519
4,4,0,9,3,2,82,73,75,83,6,2,7,6,69,69,69,79,6,7,5,9,60,86,93,63,4,7,4,8,70,65,69,65,5,5,5,8,514,456,543,486,43,41,47,28,520,488,520,530,40,50,37,43,504,506,459,535,41,43,39,43,490,467,502,535,51,53,39,43
5,4,6,4,7,8,9,0,7,0,139,10,117,10,3,0,12,1,119,7,106,12,13,0,7,1,117,7,132,9,4,0,6,1,126,14,128,14,80,9,65,6,919,69,953,84,92,9,70,7,974,79,938,56,78,4,61,5,963,74,943,76,90,8,60,5,986,86,946,74
5,4,4,1,3,10,65,1,67,5,90,7,73,1,5,1,9,0,6,1,11,2,67,4,81,1,67,4,70,3,6,1,11,1,15,1,9,0,945,44,989,48,946,51,992,45,151,6,148,8,147,11,129,4,975,58,982,54,946,43,950,40,153,3,147,7,147,8,128,10
5,4,9,10,9,0,84,87,66,74,5,4,5,1,74,96,68,84,4,6,3,7,70,70,75,67,1,5,1,4,70,71,78,78,2,5,1,5,513,539,555,506,24,26,27,26,528,523,498,557,26,33,29,25,504,538,500,509,25,21,25,22,543,505,459,526,30,32,26,29
7,4,2,0,6,2,498,498,502,509,32,41,39,38,89,78,76,69,1,5,7,3,469,482,489,494,31,26,41,39,74,76,76,68,5,6,3,5,527,551,509,537,52,55,35,50,75,70,80,78,8,5,8,9,522,506,497,465,33,47,46,47,82,65,70,70,5,8,11,8
2,5,10,2,3,4,135,12,143,12,152,8,134,9,11,1,13,3,22,2,19,0,132,14,143,12,136,11,129,16,18,1,15,0,13,1,18,3,891,73,858,71,844,81,930,83,97,9,87,14,112,11,99,14,916,72,920,90,889,78,887,83,101,8,109,9,99,11,108,8
6,5,6,0,3,2,75,64,91,73,10,4,6,6,62,87,60,78,7,3,3,3,89,68,60,69,8,11,4,5,72,79,68,75,6,7,4,10,534,496,478,473,41,41,52,51,503,513,502,486,35,54,41,35,511,527,497,537,35,49,45,42,485,521,510,477,47,35,37,43
0,5,5,9,2,7,492,524,525,529,48,33,51,38,84,66,61,76,11,4,6,5,490,551,460,512,44,47,46,45,82,72,76,68,5,6,5,9,510,469,515,461,49,45,39,40,85,72,68,86,6,2,9,11,507,511,451,487,43,51,41,48,88,75,69,68,7,2,9,5
10,5,4,7,0,2,496,491,461,466,486,505,466,480,85,83,72,88,89,81,105,85,484,484,483,491,466,518,514,484,68,67,62,75,88,99,78,70,60,54,50,62,46,47,46,48,10,10,7,5,4,9,4,6,40,38,47,56,49,55,52,45,12,11,10,16,8,6,6,11
0,5,2,7,7,10,518,30,517,27,539,26,504,17,86,4,77,2,90,4,99,4,521,24,508,30,483,20,509,25,70,4,77,6,64,9,89,7,537,33,522,22,533,26,494,24,87,6,76,4,80,2,72,3,494,26,533,28,507,19,505,22,82,3,76,2,96,5,91,0
9,6,4,1,3,1,40,524,32,485,49,493,36,521,7,78,4,72,9,62,5,79,47,471,35,537,38,477,35,509,12,100,10,79,4,68,2,67,41,487,46,538,50,480,44,463,6,63,8,88,7,66,2,92,47,493,44,504,55,519,45,493,10,75,2,82,4,84,8,67
6,6,10,7,2,3,75,60,80,76,91,61,69,86,9,9,10,6,7,10,7,11,71,79,86,73,89,93,83,85,8,7,13,15,8,6,10,8,425,497,484,448,549,497,484,460,66,57,62,59,77,56,66,60,471,452,499,485,475,468,452,473,44,61,57,56,64,61,72,62
5,6,0,8,8,1,16,146,14,130,0,15,2,11,14,145,11,126,1,9,0,12,9,137,11,168,4,6,1,16,18,130,8,144,0,7,3,8,95,916,98,918,6,74,5,78,77,904,87,930,5,78,5,100,88,931,77,891,7,70,7,91,74,874,75,954,6,72,5,80
7,6,6,3,1,6,34,1,38,9,544,38,556,40,57,7,38,1,527,56,510,40,39,3,40,4,536,49,496,38,34,3,39,3,523,45,543,42,46,4,44,3,542,42,570,53,50,2,45,3,555,32,515,34,57,6,45,2,542,44,517,50,38,2,46,5,512,36,568,57
1,6,2,1,5,5,278,293,255,278,255,323,274,264,34,41,40,35,44,45,42,41,318,274,296,255,272,282,260,269,53,34,43,47,35,40,49,53,273,248,265,254,230,299,268,267,46,30,38,38,38,43,29,46,251,291,262,267,265,260,267,270,38,49,38,36,36,49,48,39
2,7,10,10,2,7,151,143,164,173,10,6,11,10,3,8,11,5,0,0,0,0,165,135,147,159,11,8,6,6,13,9,14,6,0,1,0,0,976,994,948,936,50,55,34,47,37,52,55,58,1,4,3,2,1043,1003,968,951,59,40,48,50,52,58,42,50,1,1,1,6
10,7,9,6,5,2,273,291,265,271,284,260,271,287,315,292,279,274,294,299,303,274,284,308,259,288,301,235,278,270,288,274,269,306,286,285,300,282,30,31,26,38,30,38,30,41,30,17,30,27,35,27,29,34,25,19,31,27,24,30,30,37,20,40,43,20,30,27,28,31
2,7,2,0,4,0,134,130,141,126,7,17,12,10,18,21,17,20,1,1,1,2,161,162,131,139,13,16,10,6,21,15,17,10,3,2,1,0,842,863,884,832,50,70,66,72,141,146,106,112,7,13,11,5,874,914,885,920,72,79,59,65,133,141,119,119,9,7,12,7
5,7,2,6,1,7,75,74,72,72,66,74,64,57,13,10,11,12,8,16,12,6,60,76,63,66,55,76,67,57,8,11,7,12,12,7,10,8,504,475,471,499,481,468,480,462,76,63,71,80,90,71,79,87,486,447,496,470,454,478,458,436,73,69,73,61,65,72,90,78
1,7,7,5,10,6,28,2,1,0,268,16,9,1,144,10,4,0,1806,122,98,7,17,2,1,0,287,26,13,1,131,11,11,0,1745,160,86,7,20,1,2,0,260,34,11,3,137,6,8,1,1748,162,82,12,18,3,0,0,245,16,15,3,135,14,9,1,1766,177,90,7
9,8,5,5,2,5,44,40,44,42,520,514,503,510,5,4,11,6,68,90,81,57,52,39,35,41,503,465,513,492,4,7,4,9,84,67,62,76,45,32,34,60,495,532,488,479,6,7,8,6,76,70,64,65,46,37,49,42,511,510,521,500,8,13,7,11,59,65,84,78
5,8,1,3,5,8,8,1,7,3,125,10,147,12,11,0,12,0,115,4,118,10,11,0,10,1,140,8,111,15,7,1,10,0,144,3,127,12,99,4,75,7,959,75,979,77,79,3,76,4,895,83,924,72,78,8,73,0,944,67,910,70,76,6,86,3,991,63,954,77
7,8,10,6,0,6,563,39,493,48,493,37,518,41,56,3,54,6,73,4,55,6,536,49,501,46,520,33,539,41,52,4,54,7,61,6,38,4,504,40,526,59,521,44,510,38,44,2,63,8,53,3,66,5,534,50,505,41,525,33,549,44,54,4,54,1,65,9,61,5
0,8,1,10,8,4,560,38,567,46,26,0,26,2,544,51,576,34,29,0,31,3,538,40,521,46,30,1,32,3,569,51,579,45,31,3,24,2,522,64,513,55,27,3,20,1,537,49,544,37,31,1,38,2,565,50,550,41,25,5,37,3,539,50,527,51,26,6,32,1
10,8,2,1,2,5,462,481,467,498,509,500,512,453,79,78,67,78,82,81,76,88,503,508,451,468,496,513,448,498,61,78,76,70,81,74,76,83,51,67,48,49,55,46,64,57,3,8,8,11,5,9,9,11,60,44,54,66,47,59,52,62,6,6,10,7,7,6,8,10
9,9,6,0,3,2,327,284,262,303,20,21,22,30,304,277,295,278,18,20,22,14,306,292,324,259,16,25,16,26,301,304,308,276,25,24,27,25,289,303,282,261,30,20,21,19,291,298,292,304,26,20,22,24,281,296,298,274,18,15,23,19,294,268,257,307,17,30,29,21
6,9,0,5,5,10,5,0,3,1,95,6,75,8,11,0,3,0,75,11,95,6,6,0,5,0,80,6,87,3,10,0,6,0,96,2,103,5,83,7,81,3,1010,55,1011,42,86,2,81,2,992,47,992,51,93,6,73,7,1075,58,1036,65,87,4,89,4,943,58,1010,44
0,9,0,5,9,6,46,4,52,6,525,44,540,40,39,1,52,2,549,44,549,43,40,6,44,6,517,59,504,35,46,1,39,4,527,56,527,49,41,3,37,3,519,44,515,44,37,1,44,4,514,50,563,54,43,5,38,4,595,44,534,47,45,1,39,2,540,46,510,38
6,9,7,10,7,8,22,2,12,2,2,0,3,0,252,17,257,22,10,0,7,2,26,3,23,1,1,0,2,0,271,22,263,22,15,1,13,1,152,15,125,14,6,1,10,0,1802,129,1773,126,82,13,87,6,153,12,122,16,5,1,5,1,1841,142,1752,150,76,7,92,10
7,9,0,8,7,5,316,313,300,272,25,32,22,22,302,285,304,284,28,25,26,23,284,280,281,277,29,21,34,27,285,282,285,274,12,22,24,22,307,271,267,275,24,20,18,19,283,287,279,275,32,21,28,18,289,274,314,288,20,27,25,22,273,301,321,287,25,29,33,30
10,1,0,10,10,9,1043,1059,43,69,63,75,5,1,1057,1060,40,32,53,49,3,4,997,1021,49,59,51,45,3,5,1019,982,49,48,55,43,1,2,89,113,4,4,3,6,0,0,107,114,10,3,4,3,0,1,93,108,4,5,4,3,0,1,102,116,1,5,9,3,0,0
0,1,0,6,1,4,289,24,288,35,274,26,286,25,294,26,285,24,291,24,274,24,299,27,290,26,261,22,289,29,286,22,304,24,287,34,273,24,314,28,296,23,279,17,290,21,294,23,306,18,290,21,280,28,293,25,319,30,275,19,272,23,263,25,306,26,271,26,288,25
10,6,0,7,1,5,286,277,275,285,271,261,276,277,294,293,264,275,294,272,296,288,271,275,308,280,278,317,276,275,300,287,275,274,280,269,274,271,34,32,35,26,34,37,35,32,34,41,36,24,30,17,34,29,33,23,43,25,33,26,36,36,33,30,25,31,37,27,32,26
5,9,0,6,10,10,94,5,3,0,68,5,6,0,94,4,4,1,85,5,2,1,74,6,8,0,87,4,4,0,82,7,6,0,85,6,1,0,999,53,56,3,1091,51,53,1,1025,54,41,4,1094,51,54,0,1074,61,45,0,1015,49,40,5,1020,54,44,4,1100,55,52,5
2,2,0,2,8,3,11,14,14,10,12,9,2,17,13,11,14,9,10,18,11,14,73,73,55,84,68,72,74,79,71,61,67,81,72,64,76,82,77,79,56,83,70,69,70,80,83,70,97,66,61,74,70,69,453,460,426,420,483,480,465,490,437,454,460,482,428,538,495,514
5,4,1,1,2,5,37,42,41,30,27,35,31,35,39,38,50,30,34,26,30,37,47,39,48,52,35,42,38,31,33,38,44,35,44,38,45,28,276,279,292,263,256,289,255,295,254,306,294,260,279,291,260,294,250,261,278,292,255,261,266,260,302,259,263,276,287,284,270,294
5,1,1,1,9,8,82,2,72,5,55,8,66,3,57,4,70,3,58,5,82,3,56,5,80,5,79,7,62,5,69,4,68,5,70,7,75,7,516,38,539,43,546,47,462,39,512,56,489,31,512,43,486,42,491,45,501,41,537,34,526,43,493,38,532,33,514,43,501,48
2,9,1,4,3,1,0,15,2,15,12,159,11,161,0,8,1,9,14,170,11,132,0,8,0,13,10,139,12,159,3,11,2,9,17,136,15,145,4,80,6,73,86,942,89,906,8,70,13,73,85,938,69,883,6,71,10,65,81,904,68,936,4,78,4,66,88,873,79,943
8,5,1,9,0,1,47,546,37,520,4,43,9,43,46,524,37,516,3,57,5,37,40,540,52,517,5,51,2,45,39,558,44,511,5,45,4,48,40,555,42,510,3,59,0,45,39,511,54,511,1,43,7,36,45,512,41,532,5,36,3,52,42,556,45,596,7,48,5,39
5,7,1,0,7,10,78,0,72,3,4,0,9,0,75,2,90,4,4,0,7,0,79,3,90,5,6,0,7,0,69,1,87,2,5,0,7,0,983,41,961,52,77,2,80,4,1080,65,1018,49,87,4,82,1,1056,57,1047,45,81,3,79,1,963,54,1089,52,71,7,95,5
6,8,2,8,8,2,144,128,136,116,14,9,15,23,34,18,21,26,2,1,0,1,138,117,126,131,5,6,13,12,18,21,23,24,0,0,3,1,861,890,858,843,66,63,77,70,163,129,128,121,7,12,11,6,848,879,837,894,79,90,71,79,105,148,147,137,15,11,13,16
5,7,2,8,7,6,209,18,213,10,19,1,18,0,33,4,44,3,6,0,4,1,224,23,241,17,26,2,15,2,35,3,36,3,5,0,0,0,1567,144,1608,125,124,3,145,12,247,18,251,20,31,1,20,3,1681,143,1578,130,145,13,144,9,274,24,268,16,20,2,15,4
5,8,2,2,3,8,124,11,123,13,112,11,128,8,26,0,20,0,29,1,23,2,125,4,118,18,141,11,112,10,23,1,14,1,21,4,16,0,868,62,878,72,871,71,903,62,146,6,134,13,125,10,139,7,866,66,888,76,813,69,923,63,135,8,152,9,143,12,153,7
9,5,2,2,1,1,34,503,50,508,27,506,42,495,9,56,9,67,8,95,7,92,44,491,29,505,34,492,45,467,1,94,8,87,10,74,5,91,38,494,45,507,41,481,36,499,2,76,6,70,5,89,7,81,67,515,47,490,46,475,39,522,6,82,6,99,6,60,7,71
5,2,2,5,3,9,0,2,4,4,30,30,24,27,0,0,1,0,3,6,7,10,14,18,13,12,208,218,173,179,1,1,2,1,19,31,35,27,16,17,20,22,225,230,242,214,1,1,2,2,24,32,29,35,114,130,134,112,1607,1595,1532,1552,17,16,19,17,230,231,221,261
10,0,3,1,10,10,1082,48,66,3,1070,54,59,4,1124,41,50,2,1057,42,65,3,1111,43,50,0,1073,51,62,3,1032,61,44,4,1114,59,53,2,48,4,4,0,52,5,3,0,52,3,4,0,54,3,2,0,69,2,2,0,50,3,2,1,53,4,1,1,43,1,2,0
5,9,3,7,0,6,65,4,82,4,68,6,78,8,65,9,68,2,68,4,86,2,76,5,69,9,61,8,65,8,90,4,76,5,67,3,85,9,481,42,488,41,527,34,488,42,443,41,500,53,506,40,526,31,540,47,523,47,523,48,533,50,467,37,489,48,529,32,511,34
1,6,3,6,6,0,159,177,165,175,163,164,153,151,137,174,179,165,153,154,121,151,177,146,163,155,152,159,158,164,161,157,190,150,130,150,164,146,164,167,157,142,159,138,164,150,173,144,143,135,148,157,127,170,156,163,153,154,147,128,157,158,145,168,175,152,165,165,146,167
5,9,3,6,0,7,32,48,40,43,29,41,38,33,46,47,40,38,42,47,28,29,28,41,38,42,52,38,40,43,48,41,43,41,36,40,40,35,299,238,284,284,274,276,298,274,278,254,272,296,269,287,269,278,266,294,244,263,272,262,260,256,287,315,261,276,253,267,268,259
10,10,3,9,7,9,866,899,913,949,74,71,81,95,930,921,1005,916,77,83,87,89,122,112,108,110,4,9,14,6,126,118,136,121,8,9,8,10,87,90,92,94,11,9,3,11,87,106,100,114,5,11,5,3,13,8,13,21,0,1,0,0,9,14,10,6,0,0,0,0
1,6,4,1,3,3,240,265,277,258,282,318,229,233,41,36,28,38,48,36,36,36,267,272,280,249,274,282,257,292,39,39,40,43,54,39,45,33,300,282,263,286,275,279,266,280,60,31,36,39,39,44,43,40,265,302,291,272,292,265,280,269,47,41,31,40,28,41,28,39
10,10,4,9,6,10,3235,172,3209,159,293,15,317,12,525,22,509,23,52,3,48,1,351,15,337,12,27,1,40,2,52,3,59,3,3,2,3,1,169,11,175,10,19,2,15,0,19,3,25,1,1,0,3,1,11,1,16,1,2,0,2,1,3,0,2,0,0,0,1,0
1,9,4,8,2,7,510,474,486,484,41,43,43,35,65,88,86,82,4,8,9,5,506,507,529,500,43,46,49,37,74,61,84,68,6,14,6,6,451,494,502,522,40,50,42,43,68,80,77,81,5,4,8,4,522,473,495,528,46,39,52,42,68,80,68,86,7,6,8,10
9,1,4,8,6,8,925,67,927,68,90,3,68,5,126,15,145,13,7,1,12,1,910,68,937,72,68,5,103,10,152,7,134,13,17,0,17,4,883,73,978,67,78,6,83,3,130,7,151,12,11,2,16,1,952,78,933,65,64,5,85,6,137,10,147,6,4,2,15,0
3,3,4,9,0,2,860,843,869,927,84,92,75,81,148,138,143,133,21,10,13,6,863,838,865,855,75,66,82,65,140,148,135,134,17,12,13,11,146,124,116,122,7,10,10,13,17,20,12,18,3,0,0,2,118,132,129,118,10,9,11,9,26,9,23,18,3,2,1,0
9,9,5,6,8,8,475,48,536,43,503,33,526,33,80,5,61,7,78,9,83,6,494,31,491,41,506,33,518,48,80,8,83,5,72,5,74,7,510,40,530,31,520,43,480,45,65,4,83,4,70,8,71,8,453,38,486,46,500,38,570,38,70,4,76,6,72,7,58,4
5,10,5,1,0,8,199,15,192,17,230,19,207,12,32,4,35,3,36,1,28,2,25,2,30,0,28,4,25,4,3,0,2,0,4,0,2,0,1609,118,1575,151,1615,123,1625,139,229,22,218,17,217,18,245,14,201,17,190,13,187,15,170,10,23,1,24,0,23,2,25,3
6,6,5,5,3,5,12,10,19,14,138,120,137,159,2,4,1,2,17,27,26,20,8,13,15,22,110,137,114,131,2,3,1,7,19,17,20,23,82,95,74,72,849,857,820,902,7,8,8,9,115,137,94,119,75,61,74,65,906,926,851,896,9,15,12,10,119,140,120,123
4,8,5,2,5,3,68,72,55,58,76,77,77,61,8,4,10,16,16,8,13,12,72,78,72,75,70,61,76,60,5,17,8,3,12,11,8,16,454,468,470,460,473,470,503,474,69,76,71,67,61,78,75,48,517,455,509,487,495,457,478,480,75,56,68,65,67,58,81,60
6,4,5,0,0,10,161,4,155,9,13,0,12,0,31,0,21,1,1,0,2,0,147,13,144,7,13,0,9,0,19,1,20,1,1,0,1,0,1763,91,1781,90,151,7,148,8,245,12,257,15,25,0,22,0,1821,98,1759,82,147,7,137,8,224,9,257,12,13,0,24,1
0,1,6,2,1,2,163,153,150,141,157,144,179,161,147,159,160,158,148,161,173,178,167,159,169,163,157,152,157,154,164,157,171,141,153,162,164,147,146,168,139,132,136,153,140,156,160,166,149,155,149,166,142,163,155,159,164,142,157,153,170,162,145,164,161,140,149,164,158,168
6,5,6,0,6,3,81,90,78,75,8,4,1,3,69,76,72,66,4,5,5,8,74,81,67,77,7,2,9,6,78,86,84,75,5,8,10,4,522,535,487,504,41,51,38,32,514,497,492,517,43,41,40,47,510,495,516,502,37,40,34,39,501,509,461,462,56,40,40,39
10,1,6,9,2,9,512,543,512,537,37,37,37,44,515,536,510,580,47,55,35,45,521,540,526,525,38,37,38,41,526,458,563,518,41,42,49,32,54,59,38,55,2,8,3,1,61,44,53,66,4,3,3,5,49,52,50,50,5,6,7,1,48,69,56,53,2,6,8,2
8,8,6,1,1,10,283,15,294,19,290,13,286,17,313,13,284,17,327,14,302,11,308,22,328,19,303,14,301,14,276,22,282,16,264,10,295,18,266,19,339,12,298,12,297,19,302,13,321,12,301,19,297,18,284,9,273,30,287,16,310,6,271,19,281,16,328,20,297,18
6,5,6,9,9,5,72,70,77,85,9,7,4,10,74,86,72,81,9,12,9,10,89,82,83,67,11,8,3,7,76,74,90,67,6,6,6,8,493,473,512,519,42,45,40,50,499,524,500,505,35,45,55,45,499,496,514,468,46,51,42,39,465,471,471,522,45,35,41,43
8,7,7,8,3,5,78,80,72,73,4,5,5,5,521,484,511,516,44,40,32,38,87,55,77,78,9,10,5,7,493,513,516,456,34,38,31,47,75,67,83,92,3,4,5,4,481,499,466,516,45,39,30,42,96,70,75,75,6,7,8,7,526,532,515,505,37,42,44,40
10,10,7,0,1,8,436,29,425,38,35,3,31,3,3038,233,3060,223,246,19,259,11,42,3,48,5,0,2,6,1,358,38,353,32,27,1,34,6,37,3,44,4,3,1,1,0,298,22,344,25,24,1,23,1,9,0,6,0,0,0,1,0,52,4,41,4,0,2,5,0
6,8,7,3,6,2,2,2,2,3,10,15,14,21,14,16,16,8,131,123,114,135,2,1,1,0,17,17,12,22,19,8,10,8,133,129,135,134,9,10,13,12,151,130,119,134,77,77,71,79,904,883,875,886,12,13,11,9,133,114,118,131,68,70,77,77,852,842,890,879
8,5,7,3,3,8,10,0,8,0,137,13,137,10,78,11,77,4,980,65,847,77,12,1,12,0,99,7,132,7,81,5,82,5,989,66,928,70,13,0,4,1,132,16,124,15,72,3,87,7,949,83,961,81,4,3,8,1,145,10,118,5,76,5,66,11,958,87,921,84
2,6,7,10,0,2,9,8,14,15,1,2,0,0,133,136,111,147,10,7,7,3,7,6,10,15,2,0,2,1,146,125,150,143,6,2,11,7,75,64,89,87,7,3,2,6,959,945,935,945,57,63,59,66,70,74,88,79,4,4,2,6,957,947,1017,964,44,45,48,53
2,3,8,1,10,8,39,3,2,0,34,6,2,1,230,18,11,1,232,18,16,0,34,4,3,0,42,2,1,0,259,20,10,1,232,25,15,0,243,17,16,0,256,15,10,4,1629,128,103,6,1678,122,89,7,281,16,9,0,260,20,16,0,1742,122,88,9,1637,131,78,7
0,10,8,2,4,8,125,9,147,9,155,11,140,7,911,65,951,67,899,60,893,62,13,1,17,0,18,2,15,1,106,6,113,8,93,4,87,5,142,8,128,7,122,14,149,8,927,76,875,64,940,62,927,62,14,1,8,2,13,1,14,2,77,10,111,7,112,10,96,11
3,9,8,2,8,6,150,5,135,11,143,9,128,18,882,88,885,79,879,67,830,81,131,14,141,16,125,6,114,15,899,67,785,63,928,63,848,72,23,4,28,4,25,3,20,3,127,14,136,8,132,11,144,8,15,0,16,0,20,2,17,0,133,11,134,11,129,6,126,13
2,5,8,1,5,9,5,9,10,10,12,7,14,10,71,62,84,59,68,71,62,77,4,9,10,9,9,11,8,6,64,69,53,66,68,66,72,52,74,79,71,64,77,71,78,79,477,444,489,506,496,483,464,464,84,66,90,79,73,66,72,73,477,500,487,470,492,453,462,433
8,1,8,0,10,10,277,12,12,1,19,0,0,0,1889,88,92,5,127,9,2,0,268,12,16,1,22,2,0,0,1822,101,74,7,160,5,8,0,274,9,3,0,20,2,0,0,1834,101,84,8,135,7,3,2,289,8,10,1,25,2,0,0,1787,93,93,2,164,6,7,0
1,1,9,8,10,10,1061,44,57,1,87,10,2,0,1024,47,61,5,90,4,4,0,1071,59,51,1,105,4,2,0,1026,47,48,5,77,5,3,0,1021,56,54,4,99,6,2,0,1065,53,57,4,79,6,5,0,1025,48,64,1,93,2,0,0,1064,55,42,1,81,7,5,0
8,5,9,0,9,7,296,296,283,248,13,24,19,25,279,297,295,272,18,27,24,20,310,290,297,301,24,37,32,20,324,309,276,247,17,19,14,21,284,285,305,267,26,23,27,19,274,280,288,305,30,21,16,23,334,301,300,259,22,20,30,24,284,313,288,288,27,28,17,18
8,7,9,1,5,0,141,185,167,161,161,142,159,125,149,163,169,154,169,142,149,148,153,160,170,173,162,134,143,180,163,141,157,147,147,163,158,161,159,139,162,141,172,163,169,144,148,158,131,138,153,151,169,170,170,171,165,144,166,177,169,151,135,147,155,157,155,170,142,163
6,9,9,1,7,5,36,37,43,37,38,56,40,56,41,36,35,32,44,52,44,38,38,41,39,35,41,39,51,54,41,30,44,49,56,38,41,41,311,299,309,237,248,288,277,306,247,265,310,245,263,262,278,280,252,238,278,286,264,259,265,259,272,276,278,258,267,271,268,241
8,3,9,1,10,2,315,299,9,24,283,312,16,13,311,291,13,11,287,302,16,15,312,298,10,24,304,280,18,11,292,308,16,13,314,287,16,22,312,275,13,15,310,266,18,15,331,285,8,18,318,288,9,23,277,319,9,17,283,296,17,10,284,279,17,21,301,293,15,16
6,1,0,0,3,0,70,86,66,64,8,4,5,8,77,81,67,70,9,4,7,4,77,78,84,76,5,10,2,7,77,86,83,58,7,7,11,10,534,501,504,498,45,47,41,37,514,492,483,512,40,45,41,41,499,494,451,526,38,40,36,36,499,539,493,507,30,42,46,41
9,5,6,0,2,0,283,281,283,295,19,20,24,26,334,284,287,298,22,17,23,20,293,274,285,275,15,28,29,19,288,316,282,284,20,20,25,20,291,295,264,282,23,29,25,27,313,287,272,274,23,32,17,26,279,276,271,286,25,21,29,26,303,296,309,322,17,23,26,22
10,8,9,0,9,8,958,77,951,70,75,5,84,7,1027,84,947,72,79,5,80,5,938,70,966,79,78,5,72,1,1009,74,954,78,79,4,83,7,109,7,99,6,8,0,10,0,93,8,89,7,7,0,3,0,127,9,96,7,10,2,11,0,104,8,126,10,12,0,8,1
10,10,2,0,0,8,3090,247,3055,260,258,20,220,19,425,31,462,36,32,3,37,3,333,21,306,26,31,2,20,4,53,3,46,4,2,0,1,1,291,23,339,20,33,3,20,2,54,3,49,9,4,0,5,1,32,3,38,0,3,0,1,1,10,0,4,0,1,0,0,0
6,2,2,0,2,10,39,0,48,2,3,0,5,0,8,0,5,0,1,0,0,0,278,18,290,17,31,1,23,1,58,2,48,1,2,0,1,0,421,24,442,17,33,1,43,2,49,5,65,5,4,0,9,0,3002,136,3132,154,259,11,257,14,450,22,479,20,28,2,29,3
7,8,8,1,8,7,33,50,39,39,32,45,30,36,271,259,272,242,262,273,275,280,40,43,47,41,46,34,42,48,278,272,286,251,275,246,272,276,47,46,36,37,53,38,43,39,250,292,312,284,280,268,267,247,42,34,39,45,50,24,51,41,283,273,249,290,289,236,287,293
6,9,2,1,2,6,132,8,143,10,163,10,127,12,26,1,22,1,26,0,25,0,133,13,125,13,135,18,127,7,15,2,19,2,17,0,15,2,875,75,856,78,887,65,888,73,138,13,127,11,128,11,147,8,844,78,851,68,855,65,833,77,122,15,124,10,154,14,151,10
3,0,7,1,2,5,79,63,68,68,76,76,63,76,463,493,437,488,433,492,499,491,67,81,48,77,66,73,67,78,460,516,502,421,515,442,450,493,9,8,8,7,10,10,9,6,68,86,75,57,71,69,78,64,10,15,11,11,6,4,6,9,77,60,70,82,67,68,69,79
6,4,3,1,3,10,58,1,51,1,51,1,71,2,53,1,54,1,59,4,41,4,37,2,54,0,66,3,55,1,58,2,50,1,47,1,45,4,545,21,523,23,544,25,529,27,551,37,549,27,582,33,587,18,519,22,543,20,566,31,545,26,531,24,551,21,516,23,534,28
8,4,2,1,5,9,290,293,282,281,275,249,247,263,44,40,37,36,44,38,44,45,247,270,261,265,271,314,273,273,39,36,49,40,40,38,37,40,263,275,263,308,253,285,272,245,44,48,45,44,37,37,48,41,252,272,252,293,260,237,325,277,43,39,41,46,45,35,42,32
10,6,5,2,4,5,491,464,479,492,458,482,490,521,74,86,66,66,79,67,86,81,491,491,498,487,477,484,489,473,74,77,78,74,84,81,78,55,57,55,65,56,57,56,68,60,8,12,8,8,7,10,6,7,43,67,56,51,54,54,37,53,11,10,9,7,14,9,5,7
4,8,2,2,2,3,75,81,53,55,61,54,78,75,9,11,11,10,12,15,6,11,64,77,92,71,55,62,79,73,13,15,14,12,12,10,12,9,457,487,448,484,455,495,518,477,75,56,81,76,66,82,66,68,484,450,453,488,457,464,497,449,72,66,75,68,60,91,80,68
3,4,6,2,7,3,283,292,277,258,276,248,299,260,261,251,272,283,278,263,287,266,260,268,252,269,247,275,270,257,248,294,273,281,270,257,297,288,45,49,45,53,40,29,44,31,54,30,54,35,40,39,47,46,33,42,44,42,32,40,39,35,53,40,47,50,44,39,38,41
5,3,6,2,10,7,77,71,6,9,68,73,7,5,75,65,5,3,71,67,5,9,70,68,2,1,76,59,7,5,82,82,4,6,80,60,3,9,512,529,29,33,532,519,25,29,512,526,29,29,532,535,24,20,551,495,25,22,522,509,25,18,502,505,36,23,547,518,34,23
7,5,3,2,9,8,285,21,280,19,268,18,286,18,276,27,295,22,301,19,290,28,296,23,296,19,302,24,295,26,275,21,272,19,303,19,296,24,297,24,306,21,289,13,281,25,311,22,270,20,284,22,316,24,282,18,291,21,319,20,293,23,289,23,315,17,269,28,286,18
4,9,10,3,2,9,9,13,12,8,103,138,128,125,3,1,1,1,14,14,17,18,12,13,9,10,105,126,119,117,0,2,0,0,11,10,11,12,70,57,75,83,964,857,881,914,13,5,19,7,104,112,95,99,73,98,64,75,929,915,922,951,9,8,8,11,115,102,97,106
3,0,2,3,7,7,56,69,84,75,860,880,884,844,10,8,9,11,132,118,131,132,82,72,66,89,898,873,876,875,9,11,9,13,124,123,158,127,13,7,8,12,128,135,130,130,1,3,2,1,14,18,20,18,17,8,15,10,137,134,110,135,1,0,2,4,23,21,11,24
4,9,4,3,7,2,14,13,4,12,106,120,117,111,3,2,1,0,16,20,12,9,9,8,11,13,135,119,129,123,3,1,2,2,21,18,15,16,72,69,73,82,844,929,896,914,10,10,9,9,121,144,134,120,81,64,63,73,915,865,891,882,10,5,18,10,117,132,121,132
5,0,1,3,4,4,5,1,15,1,141,13,131,12,13,2,10,2,137,9,133,10,7,1,8,0,132,6,152,12,9,1,16,0,132,14,141,8,82,7,81,5,911,82,954,61,65,7,61,4,929,80,963,72,78,4,68,9,986,91,903,74,70,12,75,9,904,73,921,85
7,7,6,3,6,9,21,19,22,16,285,278,273,271,19,19,26,27,273,268,307,296,23,23,23,29,290,296,302,291,17,20,32,32,292,292,289,299,25,18,25,12,290,277,311,291,29,23,18,23,265,314,302,306,15,18,26,25,296,279,259,277,22,25,27,30,337,275,274,316
6,2,9,4,5,9,2,1,0,2,15,19,26,22,0,1,1,1,19,15,21,16,6,10,10,12,144,123,135,126,9,9,11,10,138,115,98,135,11,9,13,16,128,144,146,158,3,14,14,7,147,106,139,154,70,78,49,62,866,919,900,845,63,66,74,73,875,855,899,845
0,1,7,4,6,3,6,6,7,6,70,90,60,68,38,34,30,31,552,509,519,509,8,5,6,7,67,69,58,72,30,44,39,42,496,530,516,507,7,7,1,4,69,65,58,59,34,32,38,35,492,516,522,540,4,4,7,6,57,68,66,58,42,39,44,39,530,513,517,496
9,7,4,4,2,3,42,46,48,30,514,508,512,504,5,11,8,0,69,74,78,71,39,38,41,48,528,488,533,532,6,3,5,1,70,77,60,57,42,46,47,25,534,512,505,503,5,7,11,4,64,63,61,61,43,45,44,44,507,507,491,502,6,4,2,6,70,65,68,60
7,0,3,4,8,2,23,23,22,36,281,265,287,288,18,30,26,23,288,279,314,303,14,17,23,19,290,272,291,325,14,27,24,18,276,306,265,327,20,15,26,17,291,275,253,294,16,21,23,17,297,281,287,277,25,27,21,25,290,298,313,306,30,20,21,27,301,288,294,290
8,2,9,4,1,10,11,1,16,1,151,11,148,5,10,0,4,0,154,10,172,9,72,1,73,6,906,36,972,37,74,6,96,7,969,44,948,33,15,1,12,0,155,7,129,8,12,0,8,0,141,8,139,4,71,4,76,4,979,54,966,49,79,2,100,0,912,61,970,51
10,6,10,5,9,2,78,81,65,77,935,961,990,904,6,3,6,10,109,96,105,110,75,63,73,74,930,946,957,936,10,11,9,11,119,122,100,110,4,7,8,7,95,91,103,85,1,0,1,1,12,17,8,10,5,10,5,4,108,91,95,98,0,0,0,4,8,11,13,16
0,3,0,5,8,5,37,22,22,22,279,248,283,274,19,24,20,33,260,312,277,296,16,26,16,20,274,277,292,290,30,23,31,29,264,311,320,282,21,25,24,25,291,294,298,332,22,17,15,24,294,265,315,308,27,32,27,25,285,312,273,257,24,29,26,25,301,274,285,299
8,10,1,5,6,3,40,39,39,39,507,545,541,524,45,42,47,36,528,524,511,524,4,4,5,2,39,48,67,57,3,6,10,6,53,50,61,45,46,29,55,28,533,517,536,548,44,44,47,30,510,545,505,527,4,3,2,7,44,40,63,52,9,6,6,1,57,56,51,64
4,10,4,5,8,9,21,20,15,20,193,214,201,213,1,5,1,1,37,28,38,29,0,4,4,2,29,17,35,28,0,0,0,0,6,4,8,5,135,150,127,142,1571,1512,1602,1579,20,22,20,22,221,240,262,204,9,23,19,18,217,183,188,195,3,1,1,7,37,31,32,28
7,10,5,5,6,9,70,82,70,59,921,875,908,926,15,14,12,7,146,143,134,137,3,9,5,9,112,89,100,102,1,1,2,2,19,12,17,7,94,79,76,87,925,850,934,862,6,11,9,11,143,127,121,136,4,9,6,4,101,116,103,100,0,1,4,1,15,23,13,20
7,7,5,6,9,3,283,263,281,283,267,289,262,288,36,31,53,32,46,35,43,47,294,291,257,246,274,279,285,282,35,34,46,42,48,29,29,43,247,291,287,254,253,285,258,268,38,45,32,31,37,35,36,39,278,262,285,277,268,258,270,280,42,31,40,40,46,39,43,52
0,4,3,6,9,6,275,34,309,29,282,29,300,21,296,26,305,31,278,24,289,28,300,23,263,29,304,25,277,16,287,15,300,23,286,20,280,31,289,26,287,31,288,20,282,27,304,26,281,20,275,17,270,20,306,20,280,35,298,26,290,31,299,21,293,19,266,22,275,21
10,1,1,6,9,8,499,37,526,41,545,46,522,38,536,46,502,40,533,35,556,34,529,39,529,44,540,37,538,35,554,39,496,34,452,46,543,49,56,4,62,3,52,1,67,4,51,4,49,4,48,3,55,4,55,3,58,4,47,6,64,4,54,2,53,8,64,3,67,1
2,0,8,6,6,5,8,14,5,6,12,14,9,11,57,70,85,86,62,74,76,82,13,9,8,8,10,10,13,14,79,66,60,67,65,56,79,81,58,70,71,80,63,65,80,67,476,444,516,472,493,475,448,471,79,73,69,67,75,60,82,87,517,457,479,449,454,487,441,466
3,8,4,6,2,3,467,436,476,478,484,446,429,466,76,62,77,59,60,85,72,88,458,468,510,502,489,460,519,452,76,76,87,60,67,80,75,73,66,74,67,54,81,84,57,73,7,8,8,14,7,8,9,14,65,63,72,77,66,73,85,74,19,8,7,9,9,10,9,10
3,3,3,7,4,5,309,255,237,282,276,259,269,258,277,288,277,254,292,270,271,254,249,273,293,263,253,287,261,269,301,282,249,252,283,260,284,309,49,46,32,29,38,42,47,46,46,36,45,25,45,42,39,44,42,56,39,32,34,39,45,37,28,38,31,52,49,43,44,44
4,0,2,7,10,10,141,8,7,1,147,11,4,0,17,1,0,0,19,2,2,0,144,10,8,1,149,10,5,0,23,2,1,1,31,0,1,0,1830,77,82,1,1783,78,90,2,287,16,15,0,312,11,18,1,1750,103,91,3,1831,85,98,3,321,17,18,2,304,13,12,0
1,5,0,7,5,8,329,18,257,23,294,29,290,30,293,20,267,23,320,27,281,24,269,15,295,20,280,25,276,34,294,23,294,22,316,21,301,24,302,25,299,24,297,28,303,15,282,11,281,21,282,13,289,19,258,17,313,21,288,18,295,21,259,22,304,23,291,16,303,26
6,1,2,7,9,0,71,74,63,66,64,67,71,68,6,15,12,8,12,18,9,9,77,69,85,91,72,81,91,73,19,13,11,5,8,15,7,20,480,469,431,485,470,488,447,462,70,85,86,75,82,66,80,70,454,453,472,467,435,483,463,456,74,81,63,72,68,77,91,75
1,6,5,7,8,9,277,279,268,264,280,253,256,306,46,35,34,32,47,43,41,36,301,253,273,280,288,285,273,258,42,46,56,47,33,34,44,42,270,261,259,241,283,257,249,287,53,46,49,39,40,51,44,49,280,296,271,248,252,290,278,237,48,43,38,38,41,36,34,40
6,2,1,8,3,7,17,26,14,25,4,0,1,2,22,27,18,26,1,2,0,1,135,138,132,120,11,12,14,12,151,141,119,131,7,14,8,8,137,130,148,125,8,8,11,12,119,136,150,132,6,18,13,14,899,841,832,850,69,83,74,73,834,875,905,863,73,65,73,85
6,3,7,8,1,10,25,0,13,0,0,0,2,0,134,8,163,5,12,0,12,3,31,0,23,3,2,0,4,0,167,10,172,10,25,0,11,1,249,13,275,13,27,1,25,0,1744,89,1649,80,146,8,155,8,277,14,272,14,15,0,24,2,1756,87,1815,105,144,9,143,5
1,10,1,8,5,10,989,48,897,44,88,3,77,6,980,47,988,41,90,1,62,4,135,5,111,6,7,1,16,0,119,5,129,6,8,1,13,2,1037,45,1001,59,88,3,88,2,1021,62,902,47,76,4,81,8,135,5,115,11,13,1,10,0,116,3,110,7,8,0,13,0
0,9,7,8,10,9,152,134,13,10,11,15,0,0,943,992,31,44,83,77,2,3,126,140,6,7,21,13,0,1,1018,910,53,69,80,95,4,7,146,140,6,4,12,17,0,0,953,922,50,39,79,85,3,4,123,149,8,10,8,8,2,0,965,921,44,48,84,104,0,6
8,0,3,8,0,0,304,263,309,273,24,37,26,36,313,319,281,267,28,26,28,25,286,281,299,267,14,26,31,24,287,274,269,296,21,25,24,18,299,296,295,299,27,19,30,18,268,272,282,294,21,23,22,30,259,281,297,267,31,23,31,25,296,286,309,285,34,29,22,29
6,10,5,9,9,4,475,35,423,50,35,3,34,4,55,3,62,10,6,1,4,0,63,6,62,6,4,0,5,1,8,0,12,1,1,0,1,0,2763,246,2817,252,242,19,215,16,450,31,459,54,27,1,36,3,385,35,376,29,25,3,24,2,44,3,54,12,2,0,4,1
0,3,2,9,8,10,947,44,955,64,87,2,78,2,170,9,135,15,17,1,15,1,932,51,937,49,97,4,75,4,169,7,147,9,10,2,15,0,949,46,926,36,93,4,66,4,152,9,156,8,10,0,8,0,912,48,967,42,93,5,67,3,146,10,152,9,18,1,10,0
6,7,5,9,10,8,432,28,26,5,43,2,2,0,73,2,3,1,7,1,0,0,459,39,26,1,33,2,1,0,69,10,2,0,3,0,0,0,3002,245,134,9,301,19,12,0,488,35,24,1,45,5,3,0,3091,251,158,10,290,16,7,0,455,47,28,1,44,6,3,0
0,10,9,9,0,3,521,552,560,503,47,46,38,42,535,524,448,533,36,52,36,50,43,60,58,67,7,7,6,6,49,49,59,54,5,2,6,3,473,525,556,525,42,38,50,49,472,522,510,517,45,61,59,42,65,60,54,56,6,4,5,3,64,46,75,55,1,3,8,5
3,5,4,9,1,0,868,859,896,845,83,69,70,68,157,128,132,144,12,16,12,14,816,877,867,847,69,73,80,78,142,143,118,144,11,8,13,9,141,114,124,128,12,10,9,10,15,22,30,23,1,0,2,2,154,130,135,144,13,15,6,7,20,21,17,22,0,4,0,1
1,5,10,7,0,4,519,37,499,36,513,57,464,47,68,6,71,5,70,5,45,6,525,46,524,46,547,42,537,36,65,6,67,4,63,6,68,7,505,56,502,46,505,49,497,41,61,3,63,10,67,6,50,7,496,48,490,44,526,49,524,59,56,6,63,6,56,13,54,5
5,8,7,1,0,4,22,3,27,2,14,3,22,2,115,10,140,12,127,4,115,14,22,0,20,2,20,2,16,4,123,8,138,9,119,14,123,13,130,10,123,11,156,9,128,12,847,65,836,70,858,71,900,85,150,14,131,12,127,14,144,14,872,72,913,72,871,75,863,80
2,7,5,1,0,0,70,76,62,78,63,74,70,69,11,7,9,11,12,14,11,12,84,71,67,72,77,79,68,58,10,6,10,8,13,15,12,13,488,466,482,463,436,477,519,508,55,77,63,67,48,66,74,57,503,464,476,461,466,449,500,497,62,74,74,65,56,58,69,68
7,5,4,1,0,2,255,268,290,278,257,264,269,254,33,46,43,43,51,31,44,39,308,252,254,279,250,275,277,279,28,33,32,44,39,38,50,40,295,255,292,293,249,258,269,243,48,45,38,40,29,39,47,45,285,289,273,309,285,272,264,259,48,32,37,43,44,46,45,41
2,10,4,0,0,9,233,221,227,219,18,14,25,13,16,34,33,33,2,4,4,3,20,23,30,25,1,4,5,3,5,2,5,7,0,2,0,1,1631,1546,1612,1592,121,131,122,125,241,242,224,223,15,18,20,16,183,163,172,179,12,21,18,16,26,22,37,33,0,3,1,3
7,5,4,6,1,1,37,487,50,520,39,469,42,515,4,73,7,65,6,80,12,71,47,530,41,492,53,484,50,479,6,84,6,88,7,73,9,69,45,471,42,448,43,534,38,525,7,68,9,74,5,69,7,66,59,524,44,486,45,497,36,534,4,90,6,74,7,83,7,58
7,3,2,6,1,9,245,258,261,267,270,275,276,295,45,43,41,49,45,46,33,39,258,250,299,228,295,291,268,273,33,49,42,33,47,50,45,35,253,275,263,254,307,265,256,266,42,44,39,47,37,36,44,43,265,279,271,300,285,272,295,247,41,47,37,42,35,40,49,40
9,7,0,8,1,9,270,283,273,311,15,19,19,26,271,256,304,293,28,18,23,28,286,270,298,308,31,31,35,28,274,298,296,287,23,19,26,31,304,277,314,271,27,23,20,22,286,273,264,307,21,23,24,30,287,307,300,284,23,32,13,18,286,279,321,285,28,28,17,28
1,1,5,7,1,4,507,37,507,36,466,43,494,45,88,4,78,4,79,5,75,7,488,49,506,42,509,32,503,37,80,7,73,9,84,5,88,4,517,55,514,34,491,33,517,48,68,9,71,3,96,4,79,5,500,45,517,52,465,40,512,44,58,1,76,4,61,5,80,5
1,8,9,5,1,5,26,22,24,22,281,295,311,277,20,21,29,17,289,254,287,302,27,33,24,26,279,306,306,264,22,27,23,20,295,316,291,292,29,19,9,17,263,292,314,283,27,21,22,20,309,286,277,278,26,29,15,17,277,291,287,274,19,18,20,27,268,318,310,310
9,7,7,3,2,2,6,8,9,1,70,76,65,80,47,44,38,45,517,488,456,482,2,7,3,5,80,68,69,77,37,34,36,58,529,505,528,541,5,4,5,6,86,77,67,58,52,50,41,47,500,502,523,497,6,5,4,7,77,54,64,60,51,43,55,45,531,489,488,490
1,8,9,5,2,6,50,6,44,3,521,42,517,59,46,1,45,2,540,43,590,41,39,5,29,3,530,46,535,39,39,3,44,1,552,42,534,44,29,7,41,1,527,44,534,43,42,1,41,3,518,40,529,45,30,3,48,3,584,41,522,38,47,9,46,8,548,52,509,32
8,2,1,5,2,6,12,0,10,0,128,6,139,15,6,4,12,1,135,7,134,14,65,5,68,6,962,84,916,76,98,11,82,5,905,93,948,71,11,0,8,0,133,6,128,8,8,1,11,0,120,14,128,9,73,8,81,2,960,81,930,80,81,5,72,2,960,72,922,68
0,9,2,6,2,4,523,39,494,49,519,43,513,48,80,7,89,6,88,4,58,5,479,38,489,31,500,40,474,39,77,8,80,3,78,5,81,6,514,36,526,42,503,56,520,42,67,4,82,7,93,8,89,12,483,48,470,31,461,45,463,42,85,6,71,9,90,4,88,10
0,9,6,7,2,4,293,28,272,31,272,20,281,27,273,25,272,32,296,33,277,19,261,25,276,20,295,22,275,24,286,21,287,20,281,33,309,29,325,26,305,28,302,25,274,20,300,22,267,19,272,25,303,31,269,33,311,22,286,16,273,24,286,33,301,33,299,19,320,16
9,9,5,4,3,6,81,10,72,3,954,80,952,76,6,0,9,0,132,11,123,10,61,9,64,6,979,79,921,67,10,0,12,1,121,17,144,8,69,7,84,5,952,63,939,79,6,0,11,0,135,6,134,12,73,7,70,1,913,81,984,78,7,0,4,0,119,16,112,15
9,0,2,6,3,3,278,257,264,282,254,292,306,263,30,37,32,26,31,49,43,29,287,241,304,277,306,264,279,262,34,40,40,40,41,53,34,42,225,280,286,265,278,269,265,283,52,36,24,33,44,31,54,43,269,263,271,248,290,285,281,266,44,37,57,37,35,39,51,42
7,4,0,0,3,0,293,282,298,287,28,23,19,24,263,285,283,306,15,18,23,17,269,271,281,332,17,15,18,24,309,289,310,301,24,21,24,33,273,304,291,285,23,19,37,23,271,283,322,304,23,19,20,21,297,307,299,271,20,27,21,20,283,275,281,290,23,25,20,21
8,7,0,6,3,5,147,175,176,154,143,176,172,155,176,167,149,157,161,149,166,143,187,155,153,145,136,155,155,132,166,166,133,150,150,160,159,149,140,153,146,162,178,168,182,157,146,172,169,169,157,146,171,148,156,136,142,158,149,154,151,159,145,136,166,157,166,130,159,155
0,4,7,2,3,9,35,45,36,43,34,40,31,41,285,269,276,283,251,299,282,270,40,33,29,40,38,30,42,32,272,301,263,267,296,251,262,262,33,34,32,40,36,45,30,27,283,287,281,252,299,264,263,299,47,36,45,43,38,42,34,38,288,277,273,265,257,291,268,275
9,0,8,9,4,10,135,6,147,8,11,1,15,0,941,65,891,46,88,3,71,5,183,10,142,4,8,0,15,1,983,58,905,46,80,3,66,2,139,7,147,11,12,1,17,0,995,50,912,52,84,2,83,1,159,3,140,8,12,0,16,2,999,41,947,39,90,8,82,2
6,5,1,10,4,6,156,13,140,15,8,1,6,0,130,11,126,18,11,0,5,0,148,10,141,11,3,0,5,0,146,8,158,10,6,0,5,1,972,72,970,81,45,1,41,2,965,78,945,53,63,5,47,5,963,80,944,86,43,8,56,5,985,75,924,89,52,3,43,7
1,0,6,2,4,5,139,180,142,142,159,148,143,154,153,161,148,142,164,165,159,163,143,144,171,167,168,161,148,144,165,135,143,131,175,156,148,156,153,173,158,177,193,155,170,145,143,162,149,161,174,153,152,136,165,155,168,139,182,160,152,153,150,166,153,144,168,142,172,160
6,7,7,2,4,7,7,10,10,10,13,12,4,9,68,71,63,81,72,58,77,70,4,9,9,21,10,11,12,7,91,87,79,75,68,78,72,90,55,69,62,67,75,75,71,59,482,462,480,480,467,519,477,474,65,74,60,78,67,81,67,78,449,474,475,454,460,475,454,457
0,0,10,0,4,9,578,538,527,575,47,42,46,41,58,68,52,65,2,4,3,5,545,516,526,485,50,34,48,37,59,52,50,67,7,4,4,3,513,497,507,494,37,31,48,52,51,51,54,62,6,5,8,5,506,546,493,505,37,40,39,43,57,58,53,46,3,2,10,3
9,6,1,6,5,0,154,166,158,149,163,151,132,136,150,152,160,172,171,180,158,162,171,157,163,167,163,139,151,162,161,150,160,169,143,180,142,157,162,143,162,170,175,175,147,137,150,155,145,166,158,144,168,155,150,150,173,148,152,157,138,163,153,122,160,148,167,151,170,137
6,1,10,6,5,2,60,68,89,59,71,78,82,72,7,14,5,11,11,7,5,10,60,65,58,82,57,66,64,65,4,8,11,9,7,12,10,5,511,500,444,476,532,507,470,493,49,48,57,51,62,64,47,56,484,497,480,516,497,495,474,502,51,66,48,48,66,56,75,46
8,3,0,7,5,3,149,166,164,134,154,166,170,188,169,158,162,152,154,161,160,187,160,147,172,171,148,151,189,160,143,123,155,159,158,137,181,158,145,156,133,152,155,134,152,149,142,151,145,132,137,152,152,153,174,152,165,170,151,180,142,176,154,161,148,175,154,148,153,151
5,0,2,9,5,6,225,20,238,18,26,3,23,1,37,2,32,0,3,0,5,0,215,15,196,10,14,2,18,4,34,3,49,3,5,0,0,1,1586,116,1607,131,156,8,133,9,278,21,249,29,23,1,23,0,1612,147,1616,144,133,10,134,15,289,25,245,14,19,1,22,2
9,7,0,4,5,4,37,2,41,5,525,48,567,35,39,5,47,3,510,54,576,51,49,5,35,4,535,51,546,46,43,1,36,4,512,56,524,49,37,4,45,1,525,36,547,47,47,2,46,2,549,36,562,50,43,5,32,4,500,46,512,40,43,8,43,1,528,52,507,59
1,8,0,4,6,10,48,1,40,1,546,37,535,32,37,2,41,1,579,26,594,26,48,1,44,3,518,34,535,29,43,5,38,4,557,27,578,23,34,2,47,4,551,26,545,27,47,3,39,2,576,21,543,31,36,1,41,3,525,31,540,26,49,4,48,2,547,28,551,37
0,5,4,9,6,8,955,71,897,75,92,1,75,4,141,10,133,15,13,1,9,0,926,69,964,67,71,4,84,4,153,9,136,12,15,0,12,0,885,61,878,82,79,4,81,4,137,13,148,11,16,2,23,0,972,73,931,79,82,6,78,9,141,15,137,9,16,2,6,2
1,3,10,8,6,10,967,50,938,46,82,4,83,4,112,9,113,8,11,1,13,0,951,46,994,47,96,4,98,6,114,5,112,6,9,0,15,0,978,50,994,41,87,4,93,1,114,4,123,5,12,0,17,2,999,39,1000,56,79,4,79,5,126,7,106,8,11,0,12,0
1,2,7,2,6,7,9,8,11,12,11,18,13,16,66,83,69,74,78,78,76,65,75,69,72,63,65,66,56,77,487,500,452,511,437,505,462,493,6,11,12,9,10,6,12,9,67,75,73,65,70,64,71,74,50,59,78,80,65,70,77,65,505,477,455,460,467,460,473,448
4,3,8,7,6,2,8,12,11,8,9,14,8,8,69,63,68,56,58,78,57,60,7,11,12,11,9,12,8,18,67,58,71,74,67,55,74,56,73,76,87,91,90,73,73,76,504,451,494,469,444,477,437,485,81,77,80,81,79,81,85,83,448,475,487,475,471,456,483,461
8,8,9,3,7,5,23,19,16,28,305,293,279,287,26,29,15,26,288,306,262,291,22,27,26,26,278,275,271,315,18,22,30,28,286,280,301,302,24,24,16,29,332,299,305,270,23,26,27,28,287,265,280,283,25,21,28,30,273,288,279,268,23,24,15,24,292,281,316,295
8,4,4,8,7,4,882,67,953,74,67,5,76,3,144,13,147,14,13,0,12,0,954,83,895,87,74,7,88,7,145,11,130,14,12,2,14,1,906,87,903,89,82,11,85,9,154,8,121,8,11,1,20,1,907,103,946,83,69,4,85,5,144,7,126,8,8,2,12,1
6,5,8,5,7,5,0,2,0,5,11,19,21,23,9,13,11,4,122,113,128,143,3,2,3,1,25,26,25,23,16,10,8,8,142,136,139,139,10,9,14,7,126,124,137,128,84,91,84,67,838,852,865,858,6,14,16,8,129,129,151,124,71,77,73,72,870,929,888,819
5,7,8,3,7,3,2,3,0,0,13,16,18,22,11,7,13,12,132,108,133,119,1,0,2,0,14,32,13,21,10,15,5,13,132,126,117,128,15,9,10,9,157,148,113,153,75,65,78,76,860,838,902,915,10,13,13,12,137,116,128,147,65,94,82,61,825,864,923,849
3,5,7,4,7,2,11,16,9,7,109,129,106,120,76,66,64,64,895,890,911,913,10,12,11,8,124,99,123,130,69,94,77,71,907,871,892,890,2,0,2,0,14,12,18,15,13,13,10,10,122,125,117,137,3,1,3,1,16,17,16,13,7,10,10,10,126,131,122,130
6,5,8,3,8,4,2,0,3,0,42,3,39,5,20,1,16,2,267,16,258,20,2,1,3,0,46,4,39,3,24,3,22,4,256,12,263,26,21,0,16,1,265,22,201,20,119,10,153,19,1590,125,1559,140,20,2,14,0,241,23,246,21,124,10,141,6,1554,135,1668,132
1,7,6,10,8,10,584,27,553,37,30,1,29,3,547,35,538,32,37,0,30,2,584,35,611,28,28,1,22,3,540,35,568,30,32,5,35,1,572,20,562,34,32,1,24,0,570,20,560,27,32,1,25,1,570,31,546,39,24,0,39,3,555,21,571,19,29,0,26,3
8,2,4,4,8,4,22,0,17,0,259,20,277,27,1,0,1,0,42,2,35,2,117,10,128,10,1620,158,1619,135,20,0,18,1,196,16,210,20,25,3,20,1,277,25,269,25,0,0,4,0,40,1,28,3,134,7,126,10,1623,141,1574,143,17,2,17,0,219,19,246,18
5,5,6,9,8,4,119,9,127,9,20,1,15,3,135,11,146,9,17,1,9,1,150,14,100,13,12,0,8,1,124,13,137,13,15,0,11,1,919,88,942,77,82,7,87,7,942,91,946,92,86,6,68,8,914,71,995,67,75,8,66,8,913,88,886,70,70,5,68,4
5,10,2,3,8,8,32,5,40,4,374,30,406,29,5,3,2,0,59,8,71,6,8,0,5,0,42,4,46,5,0,0,1,0,6,1,6,0,247,17,228,25,2922,233,3010,218,40,1,45,1,385,33,436,31,24,2,30,3,348,26,361,21,4,0,6,0,47,5,50,3
1,2,6,5,9,6,17,1,19,0,154,15,181,14,8,2,18,2,154,13,152,13,86,5,70,4,898,60,882,80,68,6,70,7,924,72,911,68,12,1,16,1,139,8,156,13,10,1,13,2,148,12,151,13,68,6,78,8,929,81,928,76,65,6,74,7,935,63,933,73
0,7,10,6,9,5,252,299,275,269,259,268,289,294,32,19,33,32,33,33,27,36,295,293,278,275,280,286,274,301,23,25,38,40,40,35,36,26,252,297,290,292,270,307,297,282,30,43,30,33,30,25,39,33,252,293,291,291,248,267,296,260,38,30,34,29,24,38,32,32
7,8,9,0,9,6,494,36,545,39,38,0,41,1,530,33,590,43,44,5,43,1,497,44,532,36,34,3,52,3,561,55,571,50,48,4,38,4,559,38,582,43,41,1,39,5,533,54,539,42,44,6,36,1,511,40,499,39,37,3,51,4,543,31,529,42,50,4,36,3
8,2,8,5,9,3,4,1,3,1,18,17,19,20,15,13,11,21,130,109,139,152,10,8,13,12,129,123,131,125,54,79,82,77,892,828,848,853,3,0,3,0,26,30,19,19,9,12,9,13,137,138,131,138,11,13,9,13,112,146,148,117,83,79,74,75,845,870,879,902
0,7,7,5,9,2,6,10,9,3,69,82,89,75,42,43,48,45,523,474,472,533,1,8,4,5,85,76,85,92,36,36,48,37,529,492,526,500,8,5,6,5,80,76,59,75,53,36,52,38,446,502,501,528,8,2,6,2,74,75,68,81,37,30,46,43,473,493,505,504
7,8,9,8,8,0,296,296,292,279,29,17,32,22,283,292,280,300,23,28,22,27,290,296,331,261,24,24,29,27,309,302,298,285,28,14,27,29,292,268,269,265,33,21,30,31,312,276,283,285,25,17,23,25,285,254,270,284,18,23,35,25,306,294,278,282,28,30,19,22
1,6,7,0,1,0,71,80,80,71,5,8,5,5,521,514,481,502,38,40,38,46,77,76,75,76,4,7,5,9,503,507,511,503,49,40,34,38,62,71,76,77,5,10,4,4,545,522,488,537,36,37,33,36,74,71,62,61,5,2,5,7,530,477,513,459,36,46,49,41
6,10,2,1,10,0,258,285,8,15,271,260,9,12,39,38,3,0,40,25,1,1,7,21,1,1,10,11,1,0,1,4,1,0,1,1,0,0,1725,1714,89,73,1682,1704,100,92,273,247,13,14,249,261,10,17,86,90,3,6,68,92,7,3,13,14,1,1,15,12,0,1
10,5,3,8,6,0,514,510,569,514,42,46,35,48,531,503,540,492,35,48,37,30,479,548,507,510,57,38,46,52,478,500,529,527,50,44,42,43,56,70,61,59,6,7,4,6,68,55,60,59,8,7,5,2,62,59,58,52,5,5,7,5,64,58,61,61,8,5,7,6
7,4,6,8,5,0,257,283,294,284,21,25,25,31,273,279,288,288,20,34,28,31,280,311,284,302,29,32,25,24,286,307,299,281,21,29,15,19,297,260,279,301,22,22,23,28,301,288,255,283,25,20,23,22,295,310,279,304,28,29,25,23,278,264,319,299,26,23,21,23
4,10,3,8,0,1,23,236,21,272,0,27,1,19,23,269,39,248,3,23,2,26,3,43,2,25,0,2,0,2,4,27,4,34,0,3,0,6,133,1649,138,1640,8,128,12,140,142,1651,125,1642,12,145,18,125,18,173,14,189,1,11,2,23,15,200,16,210,0,8,2,23
10,2,10,3,3,1,4,41,1,30,43,457,47,445,0,4,0,2,4,44,4,53,26,234,17,284,250,2877,294,2902,3,15,2,29,39,382,29,353,1,3,1,6,3,53,9,52,0,2,0,1,0,4,0,6,2,34,0,36,32,353,33,358,0,6,0,1,1,40,3,45
4,5,5,6,3,1,11,129,11,145,10,135,15,130,0,17,1,19,3,20,0,25,13,116,9,126,13,118,15,130,1,28,1,31,2,15,2,27,67,874,74,859,84,846,79,871,8,116,10,136,7,131,13,130,62,893,67,861,77,911,81,860,12,132,18,136,10,120,15,122
1,5,9,10,0,1,49,532,42,573,5,27,3,25,51,577,41,536,1,20,3,23,53,516,39,581,2,24,2,32,48,519,60,543,3,28,3,23,49,543,51,552,0,28,4,22,49,523,42,566,5,31,1,23,50,559,34,573,1,32,2,37,51,588,58,490,1,18,5,28
2,0,9,0,5,1,17,132,16,133,2,14,0,10,7,144,15,184,1,7,3,9,12,161,16,159,1,6,0,15,11,165,13,125,1,10,0,14,78,892,74,970,8,80,2,74,80,898,62,957,6,74,8,51,95,886,68,880,7,64,7,72,73,982,80,897,5,76,6,85
1,1,3,4,3,2,23,28,14,21,287,291,295,292,22,19,20,23,312,262,253,303,26,19,24,24,291,300,307,299,25,24,26,18,282,303,291,294,24,28,12,22,256,286,280,302,25,23,14,30,302,305,300,294,27,20,28,14,261,291,283,313,17,21,23,23,278,259,329,292
8,6,3,4,0,2,28,18,31,21,266,295,265,314,19,21,17,25,281,273,297,292,18,31,20,24,281,270,308,287,19,19,22,29,303,295,314,290,18,24,17,13,308,286,280,287,20,24,27,22,312,294,290,267,13,17,24,25,288,289,258,301,26,27,19,20,283,319,321,288
0,9,7,0,10,2,136,137,7,8,8,8,0,0,941,986,38,59,81,80,1,2,135,149,6,6,13,6,1,0,997,915,50,56,77,69,3,7,135,154,8,7,15,15,2,2,988,939,41,43,77,71,4,2,160,121,5,7,14,17,3,0,932,991,49,50,77,79,4,6
7,4,9,0,3,2,297,294,289,287,18,25,19,26,284,295,299,311,22,22,33,25,297,282,290,276,30,19,25,21,270,278,263,269,23,19,19,23,292,283,271,271,29,13,21,28,323,291,306,284,26,18,24,16,322,300,268,279,23,19,26,21,278,296,310,312,28,20,28,24
9,2,9,6,0,2,32,41,36,46,50,42,41,39,37,45,37,42,37,35,35,39,309,293,248,276,265,270,290,262,274,282,260,246,273,264,287,275,41,45,44,46,30,46,32,33,39,37,35,40,49,42,48,39,293,274,254,270,251,249,269,263,256,276,287,285,281,264,283,291
0,1,2,4,9,3,41,34,36,39,509,507,488,497,4,4,7,4,66,75,73,69,43,45,39,38,503,498,508,514,9,3,7,7,76,66,82,89,42,47,42,35,503,484,497,562,5,5,9,5,72,74,87,65,35,48,36,38,502,502,494,522,8,6,6,8,63,66,75,77
2,7,3,7,6,3,34,35,45,47,44,45,43,28,33,46,33,46,43,42,40,53,34,48,30,38,45,35,26,37,34,42,41,46,44,52,43,47,262,303,267,260,300,266,249,286,260,264,278,289,261,299,279,264,263,285,257,257,321,296,261,270,273,289,232,243,257,249,281,280
3,5,8,10,6,3,74,96,92,68,5,7,2,5,958,965,957,971,28,45,42,55,73,75,87,74,2,4,6,4,958,917,980,910,54,39,45,51,16,12,14,9,1,0,0,0,147,143,134,151,7,8,6,15,12,16,13,13,2,3,0,0,147,147,161,144,10,6,8,6
2,4,10,9,1,3,140,155,139,128,7,4,12,15,20,14,19,17,2,0,1,1,138,135,137,151,9,11,8,9,14,14,12,18,1,2,2,0,872,855,898,951,76,77,78,73,106,106,97,116,9,9,11,10,897,913,868,879,64,76,69,80,110,110,100,127,9,8,7,4
4,0,1,6,3,3,35,41,43,34,48,42,40,27,39,45,39,35,49,55,49,49,51,41,52,35,38,40,45,47,44,36,42,42,37,33,52,36,271,270,263,263,273,270,272,275,242,290,256,291,267,298,272,279,273,237,289,281,222,260,277,284,284,294,296,281,258,257,244,270
7,3,3,10,0,4,551,40,576,41,32,2,26,2,541,37,525,52,35,5,34,5,510,46,548,52,39,4,33,3,548,43,556,39,28,1,25,2,496,53,523,48,27,0,25,0,580,43,557,45,30,2,28,4,563,63,605,43,14,0,21,3,527,57,551,39,37,4,28,3
6,7,8,2,9,4,24,2,32,0,17,1,20,2,150,12,133,6,138,12,140,19,18,2,19,0,19,2,19,2,160,15,151,14,121,12,128,16,127,14,137,9,116,6,145,11,909,74,857,77,789,80,828,78,131,11,128,15,120,15,144,6,872,80,863,83,913,84,803,69
2,10,7,7,2,4,42,5,32,3,44,7,45,4,242,31,248,21,244,18,239,20,0,1,2,0,1,1,6,0,16,5,20,2,27,0,24,2,245,19,264,22,254,20,232,22,1537,143,1603,150,1573,136,1526,140,24,1,26,2,21,3,31,2,151,7,153,9,143,12,165,12
0,3,10,6,9,4,541,39,552,41,537,42,539,50,50,1,67,2,58,9,53,2,541,48,506,50,528,33,501,38,55,4,61,4,54,6,54,4,484,37,494,30,568,56,496,46,50,4,64,2,53,2,58,1,548,44,501,48,528,54,475,45,52,5,57,9,58,4,52,5
8,9,3,0,2,4,546,56,578,46,41,6,35,3,500,49,589,48,40,4,40,5,505,49,534,39,54,5,53,7,525,41,533,55,38,4,40,2,529,37,495,47,43,4,51,5,553,47,533,61,35,5,43,2,493,39,534,51,28,3,49,2,544,38,527,41,45,4,39,3
10,10,2,2,1,5,885,847,874,873,866,825,855,911,138,126,127,130,138,129,126,131,94,128,108,112,106,93,93,85,17,16,16,11,18,10,20,15,102,109,109,96,107,109,106,101,18,16,25,14,18,12,21,17,8,15,10,7,13,15,11,5,3,1,1,1,1,1,2,3
6,6,5,0,7,5,159,146,146,136,13,8,6,16,19,17,23,15,2,6,1,3,111,132,154,107,8,16,11,11,20,19,19,18,3,2,0,3,833,888,947,905,82,57,81,60,124,125,123,123,15,9,12,10,856,884,842,864,68,61,75,73,114,130,115,127,8,16,11,12
7,0,9,1,0,5,162,143,169,169,147,183,143,176,141,145,169,155,131,156,165,181,151,144,168,148,149,178,149,139,155,147,145,168,160,157,153,134,166,141,170,168,142,139,166,147,162,149,167,150,155,158,156,152,168,152,156,160,169,158,160,147,129,162,150,156,169,164,185,147
3,5,9,4,2,5,43,42,48,47,530,522,510,456,39,27,47,40,489,504,456,484,44,44,41,38,476,504,493,544,39,40,38,44,503,504,517,512,10,4,3,9,81,70,69,85,10,3,6,12,84,72,77,74,6,5,8,7,79,82,79,75,3,6,5,2,74,68,93,74
5,6,9,8,8,5,79,74,70,79,6,5,6,7,68,72,60,67,6,1,2,4,62,75,80,79,7,4,9,10,76,66,64,65,7,3,2,4,527,534,491,523,46,42,41,43,523,524,486,514,46,44,49,53,500,510,506,506,50,36,41,44,431,501,515,487,42,35,39,52
2,1,4,9,0,6,234,22,239,23,21,1,21,1,34,2,45,1,2,0,5,0,238,19,220,28,20,5,25,3,34,3,46,5,2,1,3,0,1556,119,1644,133,127,6,143,7,246,22,231,29,15,1,26,5,1651,143,1632,133,138,11,134,4,225,17,229,21,20,1,27,1
8,10,7,8,0,6,232,17,239,20,20,0,27,2,1692,144,1678,123,128,19,126,13,34,1,27,3,4,0,3,0,197,20,165,29,10,0,25,1,256,18,252,21,29,3,19,3,1652,109,1659,138,140,11,143,15,36,1,30,1,4,1,2,0,169,16,200,19,31,1,20,2
10,3,5,0,9,6,1696,153,1645,116,135,9,118,9,241,28,239,24,22,1,20,3,1668,133,1693,153,144,12,147,9,234,20,246,16,17,2,16,3,214,16,206,17,23,0,22,1,32,5,28,4,3,0,0,0,172,10,181,16,9,1,18,1,26,3,14,3,1,1,1,0
9,10,9,9,0,6,1014,80,950,67,91,7,71,12,938,70,963,73,121,6,81,6,97,5,105,9,8,0,9,0,104,7,90,8,13,1,7,0,931,75,988,96,81,8,83,10,965,85,923,75,75,8,95,8,105,4,100,5,9,1,8,0,108,9,101,9,9,2,10,1
9,5,1,4,0,6,30,4,41,2,535,41,531,52,39,0,44,3,498,43,525,40,44,1,36,0,543,33,551,43,36,3,39,2,527,46,517,39,50,9,46,4,551,50,527,58,38,2,41,5,544,50,536,47,27,3,36,4,561,37,591,37,45,4,43,3,528,40,551,44
2,9,8,6,6,7,12,13,10,17,16,9,10,7,64,77,71,63,71,72,70,77,9,8,12,10,10,12,15,13,87,78,59,66,60,63,93,69,68,61,73,76,73,65,77,60,475,474,489,500,511,451,492,509,79,72,70,69,80,68,71,67,434,451,484,474,448,452,425,479
1,9,10,10,2,7,593,590,478,563,26,27,41,29,27,27,24,42,3,1,1,1,587,585,569,573,26,32,32,23,26,26,16,25,2,2,0,3,606,533,541,547,28,38,27,25,31,34,35,29,2,1,0,1,583,591,561,551,27,29,23,24,33,38,27,28,1,1,4,1
9,8,10,9,10,7,940,994,49,51,91,73,2,5,111,109,2,11,8,8,0,1,988,979,45,57,85,86,6,6,109,131,5,10,13,20,0,0,966,954,44,65,95,98,10,6,119,136,2,8,14,13,0,1,965,966,48,30,93,74,4,7,127,122,5,6,16,11,0,0
2,1,0,3,9,7,4,7,7,7,83,85,73,67,8,4,4,6,69,83,70,69,6,6,3,3,95,84,81,79,7,7,6,5,76,72,84,74,43,40,42,47,491,503,524,468,41,42,31,40,504,501,520,525,40,40,48,42,506,520,526,532,50,37,48,31,458,477,472,477
3,1,7,1,9,7,61,73,71,64,69,67,68,68,448,506,481,512,488,471,472,438,79,65,71,66,70,59,82,69,500,473,470,485,497,456,455,455,10,9,7,13,14,9,8,8,68,75,76,73,63,65,73,71,13,5,10,14,8,12,5,12,77,71,79,74,67,69,64,69
1,4,4,9,2,8,917,71,871,93,80,7,83,9,133,12,134,11,21,0,13,1,923,51,881,88,94,6,83,2,129,18,146,9,14,2,11,0,942,68,948,64,86,5,71,3,148,13,147,12,18,1,21,0,926,76,937,65,96,6,89,5,158,8,142,12,10,1,8,1
2,9,3,3,2,8,10,0,11,1,143,12,122,7,9,0,17,0,111,13,125,10,12,1,14,0,128,7,131,7,8,0,9,1,129,13,139,13,72,5,72,7,928,69,951,79,85,6,90,6,980,66,970,69,75,3,87,3,944,69,896,62,88,5,75,6,940,76,928,85
8,4,5,8,1,8,928,69,946,63,71,7,88,8,136,8,127,12,20,0,12,0,929,74,953,65,85,6,74,6,120,9,140,12,10,2,15,2,941,81,964,64,68,7,87,2,153,12,110,10,11,1,9,1,927,65,898,76,74,3,88,10,143,11,147,13,17,2,6,2
10,6,7,5,1,8,15,1,17,0,269,21,279,19,131,12,131,7,1697,153,1724,147,11,1,21,2,246,21,244,24,119,13,162,17,1624,132,1695,125,2,0,4,1,28,0,27,1,11,3,15,0,175,14,174,6,1,1,2,0,29,1,24,5,7,1,20,2,168,14,166,18
6,4,7,8,10,8,57,5,4,1,3,0,0,0,444,36,16,1,40,1,3,1,55,1,2,1,7,1,0,0,463,43,26,2,33,3,3,0,477,35,22,0,45,4,3,0,3073,205,153,8,270,25,14,1,489,31,31,2,45,1,1,1,3161,236,141,11,231,20,12,0
7,0,7,5,6,9,6,9,3,6,81,67,74,82,39,43,38,46,506,487,486,509,3,14,4,4,65,76,72,70,39,44,45,46,481,480,481,535,4,7,6,7,76,86,88,71,30,49,28,38,504,506,521,546,8,9,10,6,79,77,67,84,46,38,41,54,492,499,473,509
7,8,9,8,6,9,304,301,294,291,22,24,23,24,267,260,286,256,24,27,25,31,295,290,312,256,24,19,33,20,273,270,324,309,16,21,30,21,290,261,314,298,21,25,27,22,268,303,295,295,17,28,20,24,289,274,269,308,20,30,33,21,276,302,317,288,19,25,23,26
8,9,1,10,1,9,288,279,304,307,18,16,16,17,276,337,281,321,14,12,17,6,309,295,276,302,8,13,12,24,334,298,309,297,14,12,16,16,282,281,290,315,11,10,15,11,340,296,305,283,20,13,15,14,299,270,287,278,21,10,14,9,290,304,314,299,12,16,17,15
9,8,10,4,0,9,44,39,41,56,581,550,532,530,7,2,5,2,55,35,46,52,42,36,44,44,523,512,520,493,4,4,3,4,64,62,44,42,49,37,35,37,517,553,516,507,2,5,4,3,57,42,41,54,45,39,43,41,547,514,561,497,4,3,4,6,43,61,59,56
8,5,10,5,5,9,41,47,37,42,551,500,456,504,5,3,6,4,53,61,58,54,39,45,45,30,532,534,532,542,5,3,3,6,50,60,61,63,37,39,49,55,564,541,521,519,8,7,9,5,46,70,61,70,40,44,43,51,493,480,535,485,2,0,7,2,62,74,62,47
