frame,alt_km,plasma,rf
1,90.0,0.0,1.0
2,90.0,0.0,1.0
3,90.0,0.0,1.0
4,90.0,0.0,1.0
5,89.99,0.0,1.0
6,89.99,0.0,1.0
7,89.98,0.0001,1.0
8,89.97,0.0001,1.0
9,89.96,0.0001,1.0
10,89.96,0.0001,1.0
11,89.94,0.0002,1.0
12,89.93,0.0002,1.0
13,89.92,0.0002,1.0
14,89.91,0.0003,1.0
15,89.89,0.0003,1.0
16,89.88,0.0004,1.0
17,89.86,0.0004,1.0
18,89.84,0.0005,1.0
19,89.83,0.0005,1.0
20,89.81,0.0006,1.0
21,89.78,0.0007,1.0
22,89.76,0.0008,1.0
23,89.74,0.0008,1.0
24,89.72,0.0009,1.0
25,89.69,0.001,1.0
26,89.67,0.0011,1.0
27,89.64,0.0012,1.0
28,89.61,0.0013,1.0
29,89.59,0.0014,1.0
30,89.56,0.0015,1.0
31,89.53,0.0017,1.0
32,89.5,0.0018,1.0
33,89.46,0.0019,1.0
34,89.43,0.002,1.0
35,89.4,0.0022,1.0
36,89.36,0.0023,1.0
37,89.33,0.0025,1.0
38,89.29,0.0026,1.0
39,89.25,0.0028,1.0
40,89.22,0.0029,1.0
41,89.18,0.0031,1.0
42,89.14,0.0033,1.0
43,89.1,0.0035,1.0
44,89.06,0.0037,1.0
45,89.02,0.0039,1.0
46,88.97,0.0041,1.0
47,88.93,0.0043,1.0
48,88.89,0.0045,1.0
49,88.84,0.0047,1.0
50,88.79,0.0049,1.0
51,88.75,0.0052,1.0
52,88.7,0.0054,1.0
53,88.65,0.0057,1.0
54,88.6,0.0059,1.0
55,88.55,0.0062,1.0
56,88.5,0.0064,1.0
57,88.45,0.0067,1.0
58,88.4,0.007,1.0
59,88.35,0.0073,1.0
60,88.3,0.0076,1.0
61,88.24,0.0079,1.0
62,88.19,0.0082,1.0
63,88.13,0.0085,1.0
64,88.08,0.0088,1.0
65,88.02,0.0091,1.0
66,87.96,0.0095,1.0
67,87.91,0.0098,1.0
68,87.85,0.0102,1.0
69,87.79,0.0105,1.0
70,87.73,0.0109,1.0
71,87.67,0.0113,1.0
72,87.61,0.0117,1.0
73,87.55,0.0121,1.0
74,87.48,0.0125,1.0
75,87.42,0.0129,1.0
76,87.36,0.0133,1.0
77,87.3,0.0137,1.0
78,87.23,0.0141,1.0
79,87.17,0.0146,1.0
80,87.1,0.015,1.0
81,87.04,0.0155,1.0
82,86.97,0.016,1.0
83,86.9,0.0164,1.0
84,86.83,0.0169,1.0
85,86.77,0.0174,1.0
86,86.7,0.0179,1.0
87,86.63,0.0184,1.0
88,86.56,0.0189,1.0
89,86.49,0.0195,1.0
90,86.42,0.02,1.0
91,86.35,0.0205,1.0
92,86.28,0.0211,1.0
93,86.21,0.0217,1.0
94,86.14,0.0222,1.0
95,86.06,0.0228,1.0
96,85.99,0.0234,1.0
97,85.92,0.024,1.0
98,85.84,0.0246,1.0
99,85.77,0.0252,1.0
100,85.69,0.0259,1.0
101,85.62,0.0265,1.0
102,85.54,0.0272,1.0
103,85.47,0.0278,1.0
104,85.39,0.0285,1.0
105,85.32,0.0291,1.0
106,85.24,0.0298,1.0
107,85.16,0.0305,1.0
108,85.09,0.0312,1.0
109,85.01,0.0319,1.0
110,84.93,0.0326,1.0
111,84.85,0.0333,1.0
112,84.77,0.0341,1.0
113,84.69,0.0348,1.0
114,84.61,0.0356,1.0
115,84.54,0.0363,1.0
116,84.46,0.0371,1.0
117,84.38,0.0378,1.0
118,84.3,0.0386,1.0
119,84.22,0.0394,1.0
120,84.13,0.0402,1.0
121,84.05,0.041,1.0
122,83.97,0.0418,1.0
123,83.89,0.0426,1.0
124,83.81,0.0434,1.0
125,83.73,0.0443,1.0
126,83.65,0.0451,1.0
127,83.56,0.0459,1.0
128,83.48,0.0468,1.0
129,83.4,0.0477,1.0
130,83.32,0.0485,1.0
131,83.23,0.0494,1.0
132,83.15,0.0503,1.0
133,83.07,0.0512,1.0
134,82.98,0.0521,1.0
135,82.9,0.053,1.0
136,82.82,0.0539,1.0
137,82.73,0.0548,1.0
138,82.65,0.0557,1.0
139,82.57,0.0566,1.0
140,82.48,0.0576,1.0
141,82.4,0.0585,1.0
142,82.32,0.0595,1.0
143,82.23,0.0604,1.0
144,82.15,0.0614,1.0
145,82.06,0.0624,1.0
146,81.98,0.0633,1.0
147,81.89,0.0643,1.0
148,81.81,0.0653,1.0
149,81.73,0.0663,1.0
150,81.64,0.0673,1.0
151,81.56,0.0683,1.0
152,81.47,0.0693,1.0
153,81.39,0.0703,1.0
154,81.31,0.0714,1.0
155,81.22,0.0724,1.0
156,81.14,0.0734,1.0
157,81.05,0.0745,1.0
158,80.97,0.0755,1.0
159,80.88,0.0766,1.0
160,80.8,0.0777,1.0
161,80.72,0.0787,1.0
162,80.63,0.0798,1.0
163,80.55,0.0809,1.0
164,80.47,0.082,1.0
165,80.38,0.083,1.0
166,80.3,0.0841,1.0
167,80.22,0.0852,1.0
168,80.13,0.0863,1.0
169,80.05,0.0875,1.0
170,79.97,0.0886,1.0
171,79.88,0.0897,1.0
172,79.8,0.0908,1.0
173,79.72,0.0919,1.0
174,79.64,0.0931,1.0
175,79.55,0.0942,1.0
176,79.47,0.0954,1.0
177,79.39,0.0965,1.0
178,79.31,0.0977,1.0
179,79.23,0.0988,1.0
180,79.15,0.1,1.0
181,79.06,0.1012,1.0
182,78.98,0.1023,1.0
183,78.9,0.1035,1.0
184,78.82,0.1047,1.0
185,78.74,0.1059,1.0
186,78.66,0.1071,1.0
187,78.58,0.1083,1.0
188,78.51,0.1095,1.0
189,78.43,0.1108,1.0
190,78.35,0.112,1.0
191,78.27,0.1132,1.0
192,78.19,0.1145,1.0
193,78.11,0.1157,1.0
194,78.04,0.117,1.0
195,77.96,0.1183,1.0
196,77.88,0.1196,1.0
197,77.81,0.1209,1.0
198,77.73,0.1222,1.0
199,77.66,0.1236,1.0
200,77.58,0.1249,1.0
201,77.51,0.1263,1.0
202,77.43,0.1276,1.0
203,77.36,0.129,1.0
204,77.28,0.1304,1.0
205,77.21,0.1319,1.0
206,77.14,0.1333,1.0
207,77.06,0.1348,1.0
208,76.99,0.1362,1.0
209,76.92,0.1377,1.0
210,76.85,0.1392,1.0
211,76.78,0.1408,0.9965
212,76.71,0.1423,0.9895
213,76.64,0.1439,0.9823
214,76.57,0.1455,0.9751
215,76.5,0.1471,0.9678
216,76.43,0.1487,0.9604
217,76.36,0.1504,0.9529
218,76.3,0.152,0.9453
219,76.23,0.1537,0.9376
220,76.16,0.1554,0.9298
221,76.1,0.1572,0.9219
222,76.03,0.159,0.9139
223,75.97,0.1607,0.9057
224,75.9,0.1626,0.8975
225,75.84,0.1644,0.8891
226,75.78,0.1663,0.8806
227,75.72,0.1682,0.872
228,75.65,0.1701,0.8633
229,75.59,0.172,0.8545
230,75.53,0.174,0.8455
231,75.47,0.176,0.8364
232,75.41,0.178,0.8272
233,75.35,0.1801,0.8178
234,75.29,0.1822,0.8083
235,75.24,0.1843,0.7987
236,75.18,0.1864,0.7889
237,75.12,0.1886,0.779
238,75.07,0.1908,0.7689
239,75.01,0.1931,0.7587
240,74.96,0.1954,0.7484
241,74.9,0.1977,0.7379
242,74.85,0.2,0.7272
243,74.8,0.2024,0.7164
244,74.75,0.2048,0.7055
245,74.7,0.2072,0.6944
246,74.65,0.2097,0.6831
247,74.6,0.2122,0.6717
248,74.55,0.2148,0.6601
249,74.5,0.2174,0.6483
250,74.45,0.22,0.6364
251,74.41,0.2227,0.6243
252,74.36,0.2254,0.612
253,74.31,0.2281,0.5996
254,74.27,0.2309,0.587
255,74.23,0.2337,0.5743
256,74.18,0.2365,0.5615
257,74.14,0.2393,0.5485
258,74.1,0.2422,0.5355
259,74.06,0.2451,0.5223
260,74.02,0.248,0.5091
261,73.98,0.2509,0.4957
262,73.94,0.2539,0.4823
263,73.91,0.2569,0.4688
264,73.87,0.2598,0.4553
265,73.84,0.2628,0.4417
266,73.8,0.2658,0.4281
267,73.77,0.2688,0.4144
268,73.74,0.2718,0.4007
269,73.7,0.2749,0.387
270,73.67,0.2779,0.3733
271,73.64,0.2809,0.3595
272,73.61,0.2839,0.3458
273,73.59,0.2869,0.3321
274,73.56,0.2899,0.3185
275,73.53,0.2929,0.3048
276,73.51,0.2959,0.2912
277,73.48,0.2989,0.2777
278,73.46,0.3019,0.2642
279,73.44,0.3048,0.2508
280,73.42,0.3078,0.2374
281,73.39,0.3107,0.2242
282,73.38,0.3136,0.211
283,73.36,0.3164,0.198
284,73.34,0.3193,0.185
285,73.32,0.3221,0.1722
286,73.31,0.3249,0.1595
287,73.29,0.3277,0.147
288,73.28,0.3304,0.1345
289,73.27,0.3331,0.1223
290,73.25,0.3358,0.1102
291,73.25,0.3384,0.0983
292,73.24,0.341,0.0865
293,73.23,0.3435,0.0749
294,73.22,0.346,0.0636
295,73.21,0.3485,0.0524
296,73.21,0.3509,0.0415
297,73.2,0.3532,0.0308
298,73.2,0.3555,0.0203
299,73.2,0.3578,0.01
300,73.2,0.36,0.0
301,73.2,0.3621,0.0
302,73.2,0.3642,0.0
303,73.2,0.3663,0.0
304,73.2,0.3682,0.0
305,73.2,0.3702,0.0
306,73.2,0.372,0.0
307,73.2,0.3738,0.0
308,73.2,0.3756,0.0
309,73.2,0.3773,0.0
310,73.2,0.3789,0.0
311,73.2,0.3805,0.0
312,73.2,0.382,0.0
313,73.2,0.3834,0.0
314,73.2,0.3848,0.0
315,73.2,0.3861,0.0
316,73.2,0.3874,0.0
317,73.2,0.3886,0.0
318,73.2,0.3898,0.0
319,73.2,0.3909,0.0
320,73.2,0.3919,0.0
321,73.2,0.3929,0.0
322,73.2,0.3938,0.0
323,73.2,0.3946,0.0
324,73.2,0.3954,0.0
325,73.2,0.3962,0.0
326,73.2,0.3968,0.0
327,73.2,0.3974,0.0
328,73.2,0.398,0.0
329,73.2,0.3984,0.0
330,73.2,0.3988,0.0
331,73.2,0.3992,0.0
332,73.2,0.3995,0.0
333,73.2,0.3997,0.0
334,73.2,0.3999,0.0
335,73.2,0.4,0.0
336,73.2,0.4,0.0
337,73.2,0.4,0.0
338,73.2,0.4,0.0
339,73.2,0.4,0.0
340,73.2,0.4,0.0
341,73.2,0.4,0.0
342,73.2,0.4,0.0
343,73.2,0.4,0.0
344,73.2,0.4,0.0
345,73.2,0.4,0.0
346,73.2,0.4,0.0
347,73.2,0.4,0.0
348,73.2,0.4,0.0
349,73.2,0.4,0.0
350,73.2,0.4,0.0
351,73.2,0.4,0.0
352,73.2,0.4,0.0
353,73.2,0.4,0.0
354,73.2,0.4,0.0
355,73.2,0.4,0.0
356,73.2,0.4,0.0
357,73.2,0.4,0.0
358,73.2,0.4,0.0
359,73.2,0.4,0.0
360,73.2,0.4,0.0
361,73.2,0.4,0.0
362,73.2,0.4,0.0
363,73.2,0.4,0.0
364,73.2,0.4,0.0
365,73.2,0.4,0.0
366,73.2,0.4,0.0
367,73.2,0.4,0.0
368,73.2,0.4,0.0
369,73.2,0.4,0.0
370,73.2,0.4,0.0
371,73.2,0.4,0.0
372,73.2,0.4,0.0
373,73.2,0.4,0.0
374,73.2,0.4,0.0
375,73.2,0.4,0.0
376,73.2,0.4,0.0
377,73.2,0.4,0.0
378,73.2,0.4,0.0
379,73.2,0.4,0.0
380,73.2,0.4,0.0
381,73.2,0.4,0.0
382,73.2,0.4,0.0
383,73.2,0.4,0.0
384,73.2,0.4,0.0
385,73.2,0.4,0.0
386,73.2,0.4,0.0
387,73.2,0.4,0.0
388,73.2,0.4,0.0
389,73.2,0.4,0.0
390,73.2,0.4,0.0
391,73.2,0.4,0.0
392,73.2,0.4,0.0
393,73.2,0.4,0.0
394,73.2,0.4,0.0
395,73.2,0.4,0.0
396,73.2,0.4,0.0
397,73.2,0.4,0.0
398,73.2,0.4,0.0
399,73.2,0.4,0.0
400,73.2,0.4,0.0
401,73.2,0.4,0.0
402,73.2,0.4,0.0
403,73.2,0.4,0.0
404,73.2,0.4,0.0
405,73.2,0.4,0.0
406,73.2,0.4,0.0
407,73.2,0.4,0.0
408,73.2,0.4,0.0
409,73.2,0.4,0.0
410,73.2,0.4,0.0
411,73.2,0.4,0.0
412,73.2,0.4,0.0
413,73.2,0.4,0.0
414,73.2,0.4,0.0
415,73.2,0.4,0.0
416,73.2,0.4,0.0
417,73.2,0.4,0.0
418,73.2,0.4,0.0
419,73.2,0.4,0.0
420,73.2,0.4,0.0
421,73.2,0.4,0.0
422,73.2,0.4,0.0
423,73.2,0.4,0.0
424,73.2,0.4,0.0
425,73.2,0.4,0.0
426,73.2,0.4,0.0
427,73.2,0.4,0.0
428,73.2,0.4,0.0
429,73.2,0.4,0.0
430,73.2,0.4,0.0
431,73.2,0.4,0.0
432,73.2,0.4,0.0
433,73.2,0.4,0.0
434,73.2,0.4,0.0
435,73.2,0.4,0.0
436,73.2,0.4,0.0
437,73.2,0.4,0.0
438,73.2,0.4,0.0
439,73.2,0.4,0.0
440,73.2,0.4,0.0
441,73.2,0.4,0.0
442,73.2,0.4,0.0
443,73.2,0.4,0.0
444,73.2,0.4,0.0
445,73.2,0.4,0.0
446,73.2,0.4,0.0
447,73.2,0.4,0.0
448,73.2,0.4,0.0
449,73.2,0.4,0.0
450,73.2,0.4,0.0
451,73.2,0.4,0.0
452,73.2,0.4,0.0
453,73.2,0.4,0.0
454,73.2,0.4,0.0
455,73.2,0.4,0.0
456,73.2,0.4,0.0
457,73.2,0.4,0.0
458,73.2,0.4,0.0
459,73.2,0.4,0.0
460,73.2,0.4,0.0
461,73.2,0.4,0.0
462,73.2,0.4,0.0
463,73.2,0.4,0.0
464,73.2,0.4,0.0
465,73.2,0.4,0.0
466,73.2,0.4,0.0
467,73.2,0.4,0.0
468,73.2,0.4,0.0
469,73.2,0.4,0.0
470,73.2,0.4,0.0
471,73.2,0.4,0.0
472,73.2,0.4,0.0
473,73.2,0.4,0.0
474,73.2,0.4,0.0
475,73.2,0.4,0.0
476,73.2,0.4,0.0
477,73.2,0.4,0.0
478,73.2,0.4,0.0
479,73.2,0.4,0.0
480,73.2,0.4,0.0
481,73.2,0.4,0.0
482,73.2,0.4,0.0
483,73.2,0.4,0.0
484,73.2,0.4,0.0
485,73.2,0.4,0.0
486,73.2,0.4,0.0
487,73.2,0.4,0.0
488,73.2,0.4,0.0
489,73.2,0.4,0.0
490,73.2,0.4,0.0
491,73.2,0.4,0.0
492,73.2,0.4,0.0
493,73.2,0.4,0.0
494,73.2,0.4,0.0
495,73.2,0.4,0.0
496,73.2,0.4,0.0
497,73.2,0.4,0.0
498,73.2,0.4,0.0
499,73.2,0.4,0.0
500,73.2,0.4,0.0
501,73.2,0.4,0.0
502,73.2,0.4,0.0
503,73.2,0.4,0.0
504,73.2,0.4,0.0
505,73.2,0.4,0.0
506,73.2,0.4,0.0
507,73.2,0.4,0.0
508,73.2,0.4,0.0
509,73.2,0.4,0.0
510,73.2,0.4,0.0
511,73.2,0.4,0.0
512,73.2,0.4,0.0
513,73.2,0.4,0.0
514,73.2,0.4,0.0
515,73.2,0.4,0.0
516,73.2,0.4,0.0
517,73.2,0.4,0.0
518,73.2,0.4,0.0
519,73.2,0.4,0.0
520,73.2,0.4,0.0
521,73.2,0.4,0.0
522,73.2,0.4,0.0
523,73.2,0.4,0.0
524,73.2,0.4,0.0
525,73.2,0.4,0.0
526,73.2,0.4,0.0
527,73.2,0.4,0.0
528,73.2,0.4,0.0
529,73.2,0.4,0.0
530,73.2,0.4,0.0
531,73.2,0.4,0.0
532,73.2,0.4,0.0
533,73.2,0.4,0.0
534,73.2,0.4,0.0
535,73.2,0.4,0.0
536,73.2,0.4,0.0
537,73.2,0.4,0.0
538,73.2,0.4,0.0
539,73.2,0.4,0.0
540,73.2,0.4,0.0
541,73.2,0.4,0.0
542,73.2,0.4,0.0
543,73.2,0.4,0.0
544,73.2,0.4,0.0
545,73.2,0.4,0.0
546,73.2,0.4,0.0
547,73.2,0.4,0.0
548,73.2,0.4,0.0
549,73.2,0.4,0.0
550,73.2,0.4,0.0
551,73.2,0.4,0.0
552,73.2,0.4,0.0
553,73.2,0.4,0.0
554,73.2,0.4,0.0
555,73.2,0.4,0.0
556,73.2,0.4,0.0
557,73.2,0.4,0.0
558,73.2,0.4,0.0
559,73.2,0.4,0.0
560,73.2,0.4,0.0
561,73.2,0.4,0.0
562,73.2,0.4,0.0
563,73.2,0.4,0.0
564,73.2,0.4,0.0
565,73.2,0.4,0.0
566,73.2,0.4,0.0
567,73.2,0.4,0.0
568,73.2,0.4,0.0
569,73.2,0.4,0.0
570,73.2,0.4,0.0
571,73.2,0.4,0.0
572,73.2,0.4,0.0
573,73.2,0.4,0.0
574,73.2,0.4,0.0
575,73.2,0.4,0.0
576,73.2,0.4,0.0
577,73.2,0.4,0.0
578,73.2,0.4,0.0
579,73.2,0.4,0.0
580,73.2,0.4,0.0
581,73.2,0.4,0.0
582,73.2,0.4,0.0
583,73.2,0.4,0.0
584,73.2,0.4,0.0
585,73.2,0.4,0.0
586,73.2,0.4,0.0
587,73.2,0.4,0.0
588,73.2,0.4,0.0
589,73.2,0.4,0.0
590,73.2,0.4,0.0
591,73.2,0.4,0.0
592,73.2,0.4,0.0
593,73.2,0.4,0.0
594,73.2,0.4,0.0
595,73.2,0.4,0.0
596,73.2,0.4,0.0
597,73.2,0.4,0.0
598,73.2,0.4,0.0
599,73.2,0.4,0.0
600,73.2,0.4,0.0
601,73.2,0.4,0.0
602,73.2,0.4,0.0
603,73.2,0.4,0.0
604,73.2,0.4,0.0
605,73.2,0.4,0.0
606,73.2,0.4,0.0
607,73.2,0.4,0.0
608,73.2,0.4,0.0
609,73.2,0.4,0.0
610,73.2,0.4,0.0
611,73.2,0.4,0.0
612,73.2,0.4,0.0
613,73.2,0.4,0.0
614,73.2,0.4,0.0
615,73.2,0.4,0.0
616,73.2,0.4,0.0
617,73.2,0.4,0.0
618,73.2,0.4,0.0
619,73.2,0.4,0.0
620,73.2,0.4,0.0
621,73.2,0.4,0.0
622,73.2,0.4,0.0
623,73.2,0.4,0.0
624,73.2,0.4,0.0
625,73.2,0.4,0.0
626,73.2,0.4,0.0
627,73.2,0.4,0.0
628,73.2,0.4,0.0
629,73.2,0.4,0.0
630,73.2,0.4,0.0
631,73.2,0.4,0.0
632,73.2,0.4,0.0
633,73.2,0.4,0.0
634,73.2,0.4,0.0
635,73.2,0.4,0.0
636,73.2,0.4,0.0
637,73.2,0.4,0.0
638,73.2,0.4,0.0
639,73.2,0.4,0.0
640,73.2,0.4,0.0
641,73.2,0.4,0.0
642,73.2,0.4,0.0
643,73.2,0.4,0.0
644,73.2,0.4,0.0
645,73.2,0.4,0.0
646,73.2,0.4,0.0
647,73.2,0.4,0.0
648,73.2,0.4,0.0
649,73.2,0.4,0.0
650,73.2,0.4,0.0
651,73.2,0.4,0.0
652,73.2,0.4,0.0
653,73.2,0.4,0.0
654,73.2,0.4,0.0
655,73.2,0.4,0.0
656,73.2,0.4,0.0
657,73.2,0.4,0.0
658,73.2,0.4,0.0
659,73.2,0.4,0.0
660,73.2,0.4,0.0
661,73.2,0.4,0.0
662,73.2,0.4,0.0
663,73.2,0.4,0.0
664,73.2,0.4,0.0
665,73.2,0.4,0.0
666,73.2,0.4,0.0
667,73.2,0.4,0.0
668,73.2,0.4,0.0
669,73.2,0.4,0.0
670,73.2,0.4,0.0
671,73.2,0.4,0.0
672,73.2,0.4,0.0
673,73.2,0.4,0.0
674,73.2,0.4,0.0
675,73.2,0.4,0.0
676,73.2,0.4,0.0
677,73.2,0.4,0.0
678,73.2,0.4,0.0
679,73.2,0.4,0.0
680,73.2,0.4,0.0
681,73.2,0.4,0.0
682,73.2,0.4,0.0
683,73.2,0.4,0.0
684,73.2,0.4,0.0
685,73.2,0.4,0.0
686,73.2,0.4,0.0
687,73.2,0.4,0.0
688,73.2,0.4,0.0
689,73.2,0.4,0.0
690,73.2,0.4,0.0
691,73.2,0.4,0.0
692,73.2,0.4,0.0
693,73.2,0.4,0.0
694,73.2,0.4,0.0
695,73.2,0.4,0.0
696,73.2,0.4,0.0
697,73.2,0.4,0.0
698,73.2,0.4,0.0
699,73.2,0.4,0.0
700,73.2,0.4,0.0
701,73.2,0.4,0.0
702,73.2,0.4,0.0
703,73.2,0.4,0.0
704,73.2,0.4,0.0
705,73.2,0.4,0.0
706,73.2,0.4,0.0
707,73.2,0.4,0.0
708,73.2,0.4,0.0
709,73.2,0.4,0.0
710,73.2,0.4,0.0
711,73.2,0.4,0.0
712,73.2,0.4,0.0
713,73.2,0.4,0.0
714,73.2,0.4,0.0
715,73.2,0.4,0.0
716,73.2,0.4,0.0
717,73.2,0.4,0.0
718,73.2,0.4,0.0
719,73.2,0.4,0.0
720,73.2,0.4,0.0
721,73.2,0.4,0.0
722,73.2,0.4,0.0
723,73.2,0.4,0.0
724,73.2,0.4,0.0
725,73.2,0.4,0.0
726,73.2,0.4,0.0
727,73.2,0.4,0.0
728,73.2,0.4,0.0
729,73.2,0.4,0.0
730,73.2,0.4,0.0
731,73.2,0.4,0.0
732,73.2,0.4,0.0
733,73.2,0.4,0.0
734,73.2,0.4,0.0
735,73.2,0.4,0.0
736,73.2,0.4,0.0
737,73.2,0.4,0.0
738,73.2,0.4,0.0
739,73.2,0.4,0.0
740,73.2,0.4,0.0
741,73.2,0.4,0.0
742,73.2,0.4,0.0
743,73.2,0.4,0.0
744,73.2,0.4,0.0
745,73.2,0.4,0.0
746,73.2,0.4,0.0
747,73.2,0.4,0.0
748,73.2,0.4,0.0
749,73.2,0.4,0.0
750,73.2,0.4,0.0
751,73.2,0.4,0.0
752,73.2,0.4,0.0
753,73.2,0.4,0.0
754,73.2,0.4,0.0
755,73.2,0.4,0.0
756,73.2,0.4,0.0
757,73.2,0.4,0.0
758,73.2,0.4,0.0
759,73.2,0.4,0.0
760,73.2,0.4,0.0
761,73.2,0.4,0.0
762,73.2,0.4,0.0
763,73.2,0.4,0.0
764,73.2,0.4,0.0
765,73.2,0.4,0.0
766,73.2,0.4,0.0
767,73.2,0.4,0.0
768,73.2,0.4,0.0
769,73.2,0.4,0.0
770,73.2,0.4,0.0
771,73.2,0.4,0.0
772,73.2,0.4,0.0
773,73.2,0.4,0.0
774,73.2,0.4,0.0
775,73.2,0.4,0.0
776,73.2,0.4,0.0
777,73.2,0.4,0.0
778,73.2,0.4,0.0
779,73.2,0.4,0.0
780,73.2,0.4,0.0
781,73.2,0.4,0.0
782,73.2,0.4,0.0
783,73.2,0.4,0.0
784,73.2,0.4,0.0
785,73.2,0.4,0.0
786,73.2,0.4,0.0
787,73.2,0.4,0.0
788,73.2,0.4,0.0
789,73.2,0.4,0.0
790,73.2,0.4,0.0
791,73.2,0.4,0.0
792,73.2,0.4,0.0
793,73.2,0.4,0.0
794,73.2,0.4,0.0
795,73.2,0.4,0.0
796,73.2,0.4,0.0
797,73.2,0.4,0.0
798,73.2,0.4,0.0
799,73.2,0.4,0.0
800,73.2,0.4,0.0
801,73.2,0.4,0.0
802,73.2,0.4,0.0
803,73.2,0.4,0.0
804,73.2,0.4,0.0
805,73.2,0.4,0.0
806,73.2,0.4,0.0
807,73.2,0.4,0.0
808,73.2,0.4,0.0
809,73.2,0.4,0.0
810,73.2,0.4,0.0
811,73.2,0.4,0.0
812,73.2,0.4,0.0
813,73.2,0.4,0.0
814,73.2,0.4,0.0
815,73.2,0.4,0.0
816,73.2,0.4,0.0
817,73.2,0.4,0.0
818,73.2,0.4,0.0
819,73.2,0.4,0.0
820,73.2,0.4,0.0
821,73.2,0.4,0.0
822,73.2,0.4,0.0
823,73.2,0.4,0.0
824,73.2,0.4,0.0
825,73.2,0.4,0.0
826,73.2,0.4,0.0
827,73.2,0.4,0.0
828,73.2,0.4,0.0
829,73.2,0.4,0.0
830,73.2,0.4,0.0
831,73.2,0.4,0.0
832,73.2,0.4,0.0
833,73.2,0.4,0.0
834,73.2,0.4,0.0
835,73.2,0.4,0.0
836,73.2,0.4,0.0
837,73.2,0.4,0.0
838,73.2,0.4,0.0
839,73.2,0.4,0.0
840,73.2,0.4,0.0
841,73.2,0.4,0.0
842,73.2,0.4,0.0
843,73.2,0.4,0.0
844,73.2,0.4,0.0
845,73.2,0.4,0.0
846,73.2,0.4,0.0
847,73.2,0.4,0.0
848,73.2,0.4,0.0
849,73.2,0.4,0.0
850,73.2,0.4,0.0
851,73.2,0.4,0.0
852,73.2,0.4,0.0
853,73.2,0.4,0.0
854,73.2,0.4,0.0
855,73.2,0.4,0.0
856,73.2,0.4,0.0
857,73.2,0.4,0.0
858,73.2,0.4,0.0
859,73.2,0.4,0.0
860,73.2,0.4,0.0
861,73.2,0.4,0.0
862,73.2,0.4,0.0
863,73.2,0.4,0.0
864,73.2,0.4,0.0
865,73.2,0.4,0.0
866,73.2,0.4,0.0
867,73.2,0.4,0.0
868,73.2,0.4,0.0
869,73.2,0.4,0.0
870,73.2,0.4,0.0
871,73.2,0.4,0.0
872,73.2,0.4,0.0
873,73.2,0.4,0.0
874,73.2,0.4,0.0
875,73.2,0.4,0.0
876,73.2,0.4,0.0
877,73.2,0.4,0.0
878,73.2,0.4,0.0
879,73.2,0.4,0.0
880,73.2,0.4,0.0
881,73.2,0.4,0.0
882,73.2,0.4,0.0
883,73.2,0.4,0.0
884,73.2,0.4,0.0
885,73.2,0.4,0.0
886,73.2,0.4,0.0
887,73.2,0.4,0.0
888,73.2,0.4,0.0
889,73.2,0.4,0.0
890,73.2,0.4,0.0
891,73.2,0.4,0.0
892,73.2,0.4,0.0
893,73.2,0.4,0.0
894,73.2,0.4,0.0
895,73.2,0.4,0.0
896,73.2,0.4,0.0
897,73.2,0.4,0.0
898,73.2,0.4,0.0
899,73.2,0.4,0.0
900,73.2,0.4,0.0
901,73.2,0.4,0.0
902,73.2,0.4,0.0
903,73.2,0.4,0.0
904,73.2,0.4,0.0
905,73.2,0.4,0.0
906,73.2,0.4,0.0
907,73.2,0.4,0.0
908,73.2,0.4,0.0
909,73.2,0.4,0.0
910,73.2,0.4,0.0
911,73.2,0.4,0.0
912,73.2,0.4,0.0
913,73.2,0.4,0.0
914,73.2,0.4,0.0
915,73.2,0.4,0.0
916,73.2,0.4,0.0
917,73.2,0.4,0.0
918,73.2,0.4,0.0
919,73.2,0.4,0.0
920,73.2,0.4,0.0
921,73.2,0.4,0.0
922,73.2,0.4,0.0
923,73.2,0.4,0.0
924,73.2,0.4,0.0
925,73.2,0.4,0.0
926,73.2,0.4,0.0
927,73.2,0.4,0.0
928,73.2,0.4,0.0
929,73.2,0.4,0.0
930,73.2,0.4,0.0
931,73.2,0.4,0.0
932,73.2,0.4,0.0
933,73.2,0.4,0.0
934,73.2,0.4,0.0
935,73.2,0.4,0.0
936,73.2,0.4,0.0
937,73.2,0.4,0.0
938,73.2,0.4,0.0
939,73.2,0.4,0.0
940,73.2,0.4,0.0
941,73.2,0.4,0.0
942,73.2,0.4,0.0
943,73.2,0.4,0.0
944,73.2,0.4,0.0
945,73.2,0.4,0.0
946,73.2,0.4,0.0
947,73.2,0.4,0.0
948,73.2,0.4,0.0
949,73.2,0.4,0.0
950,73.2,0.4,0.0
951,73.2,0.4,0.0
952,73.2,0.4,0.0
953,73.2,0.4,0.0
954,73.2,0.4,0.0
955,73.2,0.4,0.0
956,73.2,0.4,0.0
957,73.2,0.4,0.0
958,73.2,0.4,0.0
959,73.2,0.4,0.0
960,73.2,0.4,0.0
961,73.2,0.4,0.0
962,73.2,0.4,0.0
963,73.2,0.4,0.0
964,73.2,0.4,0.0
965,73.2,0.4,0.0
966,73.2,0.4,0.0
967,73.2,0.4,0.0
968,73.2,0.4,0.0
969,73.2,0.4,0.0
970,73.2,0.4,0.0
971,73.2,0.4,0.0
972,73.2,0.4,0.0
973,73.2,0.4,0.0
974,73.2,0.4,0.0
975,73.2,0.4,0.0
976,73.2,0.4,0.0
977,73.2,0.4,0.0
978,73.2,0.4,0.0
979,73.2,0.4,0.0
980,73.2,0.4,0.0
981,73.2,0.4,0.0
982,73.2,0.4,0.0
983,73.2,0.4,0.0
984,73.2,0.4,0.0
985,73.2,0.4,0.0
986,73.2,0.4,0.0
987,73.2,0.4,0.0
988,73.2,0.4,0.0
989,73.2,0.4,0.0
990,73.2,0.4,0.0
991,73.2,0.4,0.0
992,73.2,0.4,0.0
993,73.2,0.4,0.0
994,73.2,0.4,0.0
995,73.2,0.4,0.0
996,73.2,0.4,0.0
997,73.2,0.4,0.0
998,73.2,0.4,0.0
999,73.2,0.4,0.0
1000,73.2,0.4,0.0
1001,73.2,0.42,0.0
1002,73.19,0.4479,0.0
1003,73.18,0.4744,0.0
1004,73.17,0.4995,0.0
1005,73.16,0.5232,0.0
1006,73.14,0.5456,0.0
1007,73.12,0.5667,0.0
1008,73.09,0.5866,0.0
1009,73.06,0.6053,0.0
1010,73.03,0.6229,0.0
1011,73.0,0.6393,0.0
1012,72.96,0.6547,0.0
1013,72.92,0.6691,0.0
1014,72.87,0.6825,0.0
1015,72.83,0.6949,0.0
1016,72.78,0.7065,0.0
1017,72.72,0.7172,0.0
1018,72.67,0.7271,0.0
1019,72.61,0.7362,0.0
1020,72.55,0.7446,0.0
1021,72.48,0.7524,0.0
1022,72.42,0.7595,0.0
1023,72.35,0.766,0.0
1024,72.28,0.7719,0.0
1025,72.2,0.7774,0.0
1026,72.13,0.7824,0.0
1027,72.05,0.7869,0.0
1028,71.97,0.7911,0.0
1029,71.88,0.795,0.0
1030,71.8,0.7985,0.0
1031,71.71,0.8018,0.0
1032,71.61,0.8049,0.0
1033,71.52,0.8078,0.0
1034,71.43,0.8106,0.0
1035,71.33,0.8133,0.0
1036,71.23,0.816,0.0
1037,71.13,0.8187,0.0
1038,71.03,0.8214,0.0
1039,70.92,0.8242,0.0
1040,70.81,0.8272,0.0
1041,70.7,0.8303,0.0
1042,70.59,0.8336,0.0
1043,70.48,0.8372,0.0
1044,70.36,0.8411,0.0
1045,70.25,0.8454,0.0
1046,70.13,0.85,0.0
1047,70.01,0.8551,0.0
1048,69.89,0.8605,0.0
1049,69.77,0.8664,0.0
1050,69.64,0.8726,0.0
1051,69.52,0.8792,0.0
1052,69.39,0.8862,0.0
1053,69.26,0.8935,0.0
1054,69.13,0.9011,0.0
1055,69.0,0.909,0.0
1056,68.87,0.9172,0.0
1057,68.73,0.9257,0.0
1058,68.6,0.9345,0.0
1059,68.46,0.9434,0.0
1060,68.33,0.9527,0.0
1061,68.19,0.9621,0.0
1062,68.05,0.9717,0.0
1063,67.91,0.9814,0.0
1064,67.77,0.9914,0.0
1065,67.62,1.0015,0.0
1066,67.48,1.0117,0.0
1067,67.34,1.022,0.0
1068,67.19,1.0325,0.0
1069,67.05,1.043,0.0
1070,66.9,1.0536,0.0
1071,66.76,1.0642,0.0
1072,66.61,1.0749,0.0
1073,66.46,1.0855,0.0
1074,66.31,1.0962,0.0
1075,66.17,1.1069,0.0
1076,66.02,1.1176,0.0
1077,65.87,1.1282,0.0
1078,65.72,1.1387,0.0
1079,65.57,1.1492,0.0
1080,65.42,1.1596,0.0
1081,65.27,1.1698,0.0
1082,65.12,1.18,0.0
1083,64.97,1.19,0.0
1084,64.82,1.1998,0.0
1085,64.67,1.2095,0.0
1086,64.52,1.219,0.0
1087,64.36,1.2283,0.0
1088,64.21,1.2374,0.0
1089,64.06,1.2462,0.0
1090,63.91,1.2548,0.0
1091,63.76,1.2632,0.0
1092,63.61,1.2712,0.0
1093,63.46,1.279,0.0
1094,63.31,1.2864,0.0
1095,63.16,1.2935,0.0
1096,63.02,1.3003,0.0
1097,62.87,1.3067,0.0
1098,62.72,1.3127,0.0
1099,62.57,1.3183,0.0
1100,62.43,1.3236,0.0
1101,62.28,1.3284,0.0
1102,62.13,1.3327,0.0
1103,61.99,1.3367,0.0
1104,61.85,1.3401,0.0
1105,61.7,1.3431,0.0
1106,61.56,1.3455,0.0
1107,61.42,1.3475,0.0
1108,61.28,1.3489,0.0
1109,61.14,1.3497,0.0
1110,61.0,1.35,0.0
1111,60.86,1.3499,0.0
1112,60.73,1.3496,0.0
1113,60.59,1.3491,0.0
1114,60.46,1.3484,0.0
1115,60.32,1.3475,0.0
1116,60.19,1.3465,0.0
1117,60.06,1.3452,0.0
1118,59.93,1.3438,0.0
1119,59.8,1.3422,0.0
1120,59.67,1.3404,0.0
1121,59.54,1.3384,0.0
1122,59.42,1.3363,0.0
1123,59.29,1.334,0.0
1124,59.16,1.3316,0.0
1125,59.04,1.329,0.0
1126,58.92,1.3262,0.0
1127,58.8,1.3233,0.0
1128,58.68,1.3203,0.0
1129,58.56,1.3171,0.0
1130,58.44,1.3137,0.0
1131,58.32,1.3102,0.0
1132,58.2,1.3066,0.0
1133,58.09,1.3029,0.0
1134,57.97,1.299,0.0
1135,57.86,1.295,0.0
1136,57.74,1.2909,0.0
1137,57.63,1.2866,0.0
1138,57.52,1.2822,0.0
1139,57.41,1.2778,0.0
1140,57.3,1.2732,0.0
1141,57.19,1.2685,0.0
1142,57.08,1.2637,0.0
1143,56.98,1.2588,0.0
1144,56.87,1.2538,0.0
1145,56.76,1.2487,0.0
1146,56.66,1.2435,0.0
1147,56.56,1.2382,0.0
1148,56.45,1.2329,0.0
1149,56.35,1.2274,0.0
1150,56.25,1.2219,0.0
1151,56.15,1.2163,0.0
1152,56.05,1.2106,0.0
1153,55.95,1.2049,0.0
1154,55.86,1.1991,0.0
1155,55.76,1.1932,0.0
1156,55.66,1.1873,0.0
1157,55.57,1.1813,0.0
1158,55.47,1.1753,0.0
1159,55.38,1.1692,0.0
1160,55.29,1.1631,0.0
1161,55.2,1.1569,0.0
1162,55.1,1.1507,0.0
1163,55.02,1.1445,0.0
1164,54.93,1.1382,0.0
1165,54.84,1.1319,0.0
1166,54.75,1.1256,0.0
1167,54.66,1.1192,0.0
1168,54.58,1.1128,0.0
1169,54.49,1.1064,0.0
1170,54.41,1.1,0.0
1171,54.32,1.0936,0.0
1172,54.24,1.0871,0.0
1173,54.16,1.0807,0.0
1174,54.07,1.0742,0.0
1175,53.99,1.0678,0.0
1176,53.91,1.0613,0.0
1177,53.84,1.0548,0.0
1178,53.76,1.0483,0.0
1179,53.68,1.0418,0.0
1180,53.6,1.0353,0.0
1181,53.52,1.0288,0.0
1182,53.45,1.0223,0.0
1183,53.37,1.0158,0.0
1184,53.3,1.0093,0.0
1185,53.23,1.0027,0.0
1186,53.15,0.9962,0.0
1187,53.08,0.9897,0.0
1188,53.01,0.9831,0.0
1189,52.94,0.9766,0.0
1190,52.87,0.9701,0.0
1191,52.8,0.9636,0.0
1192,52.73,0.957,0.0
1193,52.66,0.9505,0.0
1194,52.59,0.944,0.0
1195,52.53,0.9375,0.0
1196,52.46,0.931,0.0
1197,52.4,0.9244,0.0
1198,52.33,0.9179,0.0
1199,52.27,0.9114,0.0
1200,52.2,0.9049,0.0
1201,52.14,0.8985,0.0
1202,52.08,0.892,0.0
1203,52.02,0.8855,0.0
1204,51.96,0.879,0.0
1205,51.9,0.8726,0.0
1206,51.84,0.8661,0.0
1207,51.78,0.8597,0.0
1208,51.72,0.8533,0.0
1209,51.66,0.8469,0.0
1210,51.6,0.8405,0.0
1211,51.55,0.8341,0.0
1212,51.49,0.8277,0.0
1213,51.44,0.8214,0.0
1214,51.38,0.815,0.0
1215,51.33,0.8087,0.0
1216,51.27,0.8024,0.0
1217,51.22,0.7961,0.0
1218,51.17,0.7898,0.0
1219,51.11,0.7836,0.0
1220,51.06,0.7773,0.0
1221,51.01,0.7711,0.0
1222,50.96,0.7649,0.0
1223,50.91,0.7587,0.0
1224,50.86,0.7526,0.0
1225,50.81,0.7464,0.0
1226,50.77,0.7403,0.0
1227,50.72,0.7342,0.0
1228,50.67,0.7282,0.0
1229,50.62,0.7221,0.0
1230,50.58,0.7161,0.0
1231,50.53,0.7101,0.0
1232,50.49,0.7041,0.0
1233,50.44,0.6982,0.0
1234,50.4,0.6923,0.0
1235,50.35,0.6864,0.0
1236,50.31,0.6805,0.0
1237,50.27,0.6747,0.0
1238,50.23,0.6689,0.0
1239,50.19,0.6631,0.0
1240,50.14,0.6574,0.0
1241,50.1,0.6517,0.0
1242,50.06,0.646,0.0
1243,50.02,0.6404,0.0
1244,49.98,0.6348,0.0
1245,49.94,0.6292,0.0
1246,49.91,0.6236,0.0
1247,49.87,0.6181,0.0
1248,49.83,0.6127,0.0
1249,49.79,0.6072,0.0
1250,49.76,0.6018,0.0
1251,49.72,0.5965,0.0
1252,49.68,0.5911,0.0
1253,49.65,0.5859,0.0
1254,49.61,0.5806,0.0
1255,49.58,0.5754,0.0
1256,49.54,0.5702,0.0
1257,49.51,0.5651,0.0
1258,49.48,0.56,0.0
1259,49.44,0.555,0.0
1260,49.41,0.55,0.0
1261,49.38,0.545,0.0
1262,49.35,0.5401,0.0
1263,49.31,0.5353,0.0
1264,49.28,0.5304,0.0
1265,49.25,0.5257,0.0
1266,49.22,0.5209,0.0
1267,49.19,0.5162,0.0
1268,49.16,0.5116,0.0
1269,49.13,0.5069,0.0
1270,49.1,0.5024,0.0
1271,49.07,0.4978,0.0
1272,49.05,0.4933,0.0
1273,49.02,0.4889,0.0
1274,48.99,0.4844,0.0
1275,48.96,0.48,0.0
1276,48.94,0.4757,0.0
1277,48.91,0.4714,0.0
1278,48.88,0.4671,0.0
1279,48.86,0.4629,0.0
1280,48.83,0.4587,0.0
1281,48.8,0.4545,0.0
1282,48.78,0.4503,0.0
1283,48.75,0.4462,0.0
1284,48.73,0.4422,0.0
1285,48.7,0.4381,0.0
1286,48.68,0.4341,0.0
1287,48.66,0.4302,0.0
1288,48.63,0.4262,0.0
1289,48.61,0.4223,0.0
1290,48.59,0.4184,0.0
1291,48.56,0.4146,0.0
1292,48.54,0.4108,0.0
1293,48.52,0.407,0.0
1294,48.49,0.4032,0.0
1295,48.47,0.3995,0.0
1296,48.45,0.3958,0.0
1297,48.43,0.3921,0.0
1298,48.41,0.3884,0.0
1299,48.39,0.3848,0.0
1300,48.37,0.3812,0.0
1301,48.34,0.3777,0.0
1302,48.33,0.3741,0.0
1303,48.3,0.3706,0.0
1304,48.28,0.3671,0.0
1305,48.26,0.3636,0.0
1306,48.24,0.3602,0.0
1307,48.23,0.3568,0.0147
1308,48.21,0.3534,0.0302
1309,48.19,0.35,0.0455
1310,48.17,0.3466,0.0608
1311,48.15,0.3433,0.0759
1312,48.13,0.34,0.091
1313,48.11,0.3367,0.106
1314,48.09,0.3334,0.1208
1315,48.08,0.3302,0.1356
1316,48.06,0.3269,0.1503
1317,48.04,0.3237,0.1649
1318,48.02,0.3205,0.1795
1319,48.0,0.3173,0.1939
1320,47.99,0.3142,0.2083
1321,47.97,0.311,0.2226
1322,47.95,0.3079,0.2368
1323,47.93,0.3048,0.2509
1324,47.92,0.3017,0.265
1325,47.9,0.2986,0.279
1326,47.88,0.2956,0.2929
1327,47.87,0.2925,0.3068
1328,47.85,0.2895,0.3205
1329,47.83,0.2865,0.3343
1330,47.82,0.2834,0.348
1331,47.8,0.2805,0.3616
1332,47.78,0.2775,0.3751
1333,47.77,0.2745,0.3887
1334,47.75,0.2715,0.4021
1335,47.73,0.2686,0.4155
1336,47.72,0.2656,0.4289
1337,47.7,0.2627,0.4422
1338,47.69,0.2598,0.4555
1339,47.67,0.2569,0.4687
1340,47.65,0.254,0.4819
1341,47.64,0.2511,0.495
1342,47.62,0.2482,0.5082
1343,47.61,0.2453,0.5212
1344,47.59,0.2425,0.5343
1345,47.58,0.2396,0.5473
1346,47.56,0.2367,0.5603
1347,47.54,0.2339,0.5733
1348,47.53,0.231,0.5862
1349,47.51,0.2282,0.5991
1350,47.5,0.2254,0.612
1351,47.48,0.2225,0.6249
1352,47.47,0.2197,0.6378
1353,47.45,0.2169,0.6507
1354,47.43,0.214,0.6635
1355,47.42,0.2112,0.6763
1356,47.4,0.2084,0.6892
1357,47.39,0.2056,0.702
1358,47.37,0.2027,0.7148
1359,47.35,0.1999,0.7276
1360,47.34,0.1971,0.7404
1361,47.32,0.1943,0.7533
1362,47.3,0.1915,0.7661
1363,47.29,0.1886,0.7789
1364,47.27,0.1858,0.7918
1365,47.26,0.183,0.8046
1366,47.24,0.1802,0.8175
1367,47.22,0.1773,0.8304
1368,47.21,0.1745,0.8432
1369,47.19,0.1716,0.8562
1370,47.17,0.1688,0.8691
1371,47.16,0.1659,0.882
1372,47.14,0.1631,0.895
1373,47.12,0.1602,0.908
1374,47.11,0.1574,0.9211
1375,47.09,0.1545,0.9341
1376,47.07,0.1516,0.9472
1377,47.05,0.1487,0.9604
1378,47.04,0.1458,0.9735
1379,47.02,0.1429,0.9868
1380,47.0,0.14,1.0
1381,46.98,0.1371,1.0
1382,46.96,0.1341,1.0
1383,46.95,0.1312,1.0
1384,46.93,0.1283,1.0
1385,46.91,0.1253,1.0
1386,46.89,0.1224,1.0
1387,46.87,0.1195,1.0
1388,46.85,0.1166,1.0
1389,46.84,0.1137,1.0
1390,46.82,0.1108,1.0
1391,46.8,0.1079,1.0
1392,46.78,0.105,1.0
1393,46.76,0.1022,1.0
1394,46.74,0.0994,1.0
1395,46.72,0.0966,1.0
1396,46.71,0.0939,1.0
1397,46.69,0.0912,1.0
1398,46.67,0.0885,1.0
1399,46.65,0.0858,1.0
1400,46.63,0.0832,1.0
1401,46.62,0.0807,1.0
1402,46.6,0.0782,1.0
1403,46.58,0.0757,1.0
1404,46.56,0.0733,1.0
1405,46.55,0.0709,1.0
1406,46.53,0.0686,1.0
1407,46.51,0.0664,1.0
1408,46.5,0.0642,1.0
1409,46.48,0.0621,1.0
1410,46.47,0.06,1.0
1411,46.45,0.058,1.0
1412,46.44,0.0561,1.0
1413,46.42,0.0543,1.0
1414,46.41,0.0525,1.0
1415,46.39,0.0508,1.0
1416,46.38,0.0491,1.0
1417,46.37,0.0476,1.0
1418,46.35,0.046,1.0
1419,46.34,0.0446,1.0
1420,46.33,0.0432,1.0
1421,46.32,0.0419,1.0
1422,46.3,0.0407,1.0
1423,46.29,0.0395,1.0
1424,46.28,0.0385,1.0
1425,46.27,0.0374,1.0
1426,46.27,0.0365,1.0
1427,46.26,0.0356,1.0
1428,46.25,0.0347,1.0
1429,46.24,0.034,1.0
1430,46.23,0.0333,1.0
1431,46.23,0.0327,1.0
1432,46.22,0.0321,1.0
1433,46.22,0.0316,1.0
1434,46.21,0.0312,1.0
1435,46.21,0.0308,1.0
1436,46.21,0.0305,1.0
1437,46.2,0.0303,1.0
1438,46.2,0.0301,1.0
1439,46.2,0.03,1.0
1440,46.2,0.03,1.0
