t,v_probe
#units,s,m/s
0.020811654526534856,0.000000000000010910508868248381
0.04162330905306971,0.000000000000009016497624974991
0.06243496357960457,0.0000000000000053750900642926295
0.08324661810613943,0.0000000000000005213633562806293
0.10405827263267428,-0.000000000000005628933215933034
0.12486992715920914,-0.000000000000012520308449287374
0.145681581685744,-0.000000000000019417186667573764
0.16649323621227885,-0.000000000000025173225814105743
0.1873048907388137,-0.000000000000025194334684919703
0.20811654526534856,-0.000000000000009064126585748802
0.22892819979188342,0.00000000000004358066831556243
0.24973985431841828,0.00000000000017776651844564996
0.27055150884495316,0.0000000000004758522522351734
0.291363163371488,0.0000000000010834465724014554
0.3121748178980228,0.0000000000022352293957198036
0.3329864724245577,0.000000000004314105802347498
0.3537981269510926,0.000000000007895748235518914
0.3746097814776274,0.000000000013847102288233292
0.39542143600416224,0.00000000002341666547385204
0.4162330905306971,0.000000000038360490444250184
0.437044745057232,0.00000000006109525511438227
0.45785639958376684,0.00000000009488774582072916
0.47866805411030167,0.00000000014406284630021499
0.49947970863683655,0.00000000021425170437761768
0.5202913631633714,0.00000000031268589574333184
0.5411030176899063,0.00000000044850944863665194
0.5619146722164411,0.0000000006331406958708247
0.582726326742976,0.0000000008806733601975332
0.6035379812695109,0.0000000012083099605923378
0.6243496357960456,0.0000000016368344270094667
0.6451612903225805,0.000000002191132356772276
0.6659729448491154,0.0000000029007291584743966
0.6867845993756503,0.000000003800382197685664
0.7075962539021852,0.000000004930684572685744
0.7284079084287199,0.000000006338714195922813
0.7492195629552548,0.000000008078702497610788
0.7700312174817897,0.000000010212728416548583
0.7908428720083245,0.000000012811438843438353
0.8116545265348594,0.000000015954777881783352
0.8324661810613943,0.000000019732730983903266
0.8532778355879291,0.00000002424609768358761
0.874089490114464,0.000000029607244989337983
0.8949011446409988,0.00000003594088104926021
0.9157127991675337,0.000000043384831499694994
0.9365244536940686,0.000000052090786260569514
0.9573361082206033,0.00000006222510576288572
0.9781477627471382,0.00000007396951510570566
0.9989594172736731,0.00000008752189738537648
1.019771071800208,0.00000010309697993265669
1.0405827263267429,0.00000012092706400400994
1.0613943808532778,0.00000014126270117138956
1.0822060353798126,0.00000016437336655932713
1.1030176899063473,0.00000019054808519589988
1.1238293444328822,0.00000022009601980981676
1.144640998959417,0.0000002533470937436901
1.165452653485952,0.0000002906525531056861
1.1862643080124868,0.00000033238545510306014
1.2070759625390217,0.0000003789412389518076
1.2278876170655566,0.00000043073799471495413
1.2486992715920913,0.0000004882169826653869
1.2695109261186261,0.000000551843116088994
1.290322580645161,0.0000006221053340987849
1.311134235171696,0.0000006995164921724687
1.3319458896982308,0.0000007846142870854815
1.3527575442247657,0.0000008779612341923372
1.3735691987513006,0.0000009801445219099999
1.3943808532778355,0.0000010917767651832962
1.4151925078043703,0.0000012134959492589913
1.436004162330905,0.000001345965358822654
1.4568158168574399,0.0000014898738913966928
1.4776274713839748,0.0000016459363317273698
1.4984391259105097,0.0000018148921323115057
1.5192507804370445,0.000001997507323823591
1.5400624349635794,0.0000021945732235540714
1.5608740894901143,0.00000240690634046157
1.581685744016649,0.0000026353490534457396
1.6024973985431838,0.000002880769612221535
1.6233090530697187,0.0000031440598713230625
1.6441207075962536,0.000003426138046834495
1.6649323621227885,0.000003727947695458106
1.6857440166493234,0.000004050455631925746
1.7065556711758583,0.000004394652826916496
1.7273673257023932,0.00000476155770391125
1.748178980228928,0.000005152209544642831
1.7689906347554627,0.000005567672451442587
1.7898022892819976,0.000006009033244858606
1.8106139438085325,0.000006477403933389194
1.8314255983350674,0.00000697391802293459
1.8522372528616022,0.000007499733292764845
1.8730489073881371,0.000008056026710013772
1.893860561914672,0.000008644001123892113
1.9146722164412067,0.000009264880449598494
1.9354838709677415,0.000009919908229589248
1.9562955254942764,0.00001061034714682548
1.9771071800208113,0.000011337486623378344
1.9979188345473462,0.000012102631255841894
2.018730489073881,0.000012907108528085155
2.039542143600416,0.000013752267932051018
2.060353798126951,0.000014639471241862857
2.0811654526534857,0.00001557010656196479
2.1019771071800206,0.00001654557701038201
2.1227887617065555,0.000017567303201452365
2.1436004162330904,0.000018636728240599374
2.1644120707596253,0.000019755307368132614
2.1852237252861597,0.000020924518978811564
2.2060353798126946,0.000022145851094589494
2.2268470343392295,0.000023420820584461854
2.2476586888657644,0.000024750947955914285
2.2684703433922992,0.000026137774528704516
2.289281997918834,0.000027582860892898413
2.310093652445369,0.000029087783409756027
2.330905306971904,0.00003065413148629508
2.351716961498439,0.00003228350700277097
2.3725286160249737,0.00003397752832331778
2.3933402705515086,0.00003573782546840461
2.4141519250780434,0.00003756605016646483
2.4349635796045783,0.00003946385581130595
2.455775234131113,0.00004143292654643592
2.476586888657648,0.000043474948939460055
2.4973985431841825,0.00004559161368716955
2.5182101977107174,0.000047784640628781816
2.5390218522372523,0.00005005575765115532
2.559833506763787,0.00005240669335772712
2.580645161290322,0.000054839208724831494
2.601456815816857,0.000057355068094381434
2.622268470343392,0.000059956025653598827
2.6430801248699267,0.00006264389504110185
2.6638917793964616,0.00006542045537298419
2.6847034339229965,0.00006828751923693706
2.7055150884495314,0.00007124690834218892
2.7263267429760663,0.00007430041985748786
2.747138397502601,0.00007744993062144714
2.767950052029136,0.00008069725507003172
2.788761706555671,0.00008404427766104423
2.809573361082206,0.0000874928637633972
2.8303850156087407,0.00009104488574669865
2.851196670135275,0.00009470222065283186
2.87200832466181,0.00009846679484700243
2.892819979188345,0.00010234047776074394
2.9136316337148798,0.00010632519880863922
2.9344432882414146,0.00011042287997099285
2.9552549427679495,0.0001146354475153516
2.9760665972944844,0.00011896487517194446
2.9968782518210193,0.00012341308091714956
3.017689906347554,0.0001279820156379257
3.038501560874089,0.00013267360866446378
3.059313215400624,0.00013748991814929154
3.080124869927159,0.00014243282944064283
3.1009365244536937,0.0001475044083052519
3.1217481789802286,0.00015270660264725812
3.1425598335067635,0.0001580414241609535
3.163371488033298,0.00016351085608853558
3.184183142559833,0.00016911692854980462
3.2049947970863677,0.000174861701656627
3.2258064516129026,0.00018074717185664587
3.2466181061394375,0.0001867753874533475
3.2674297606659723,0.0001929484010567434
3.2882414151925072,0.0001992682255239066
3.309053069719042,0.00020573688565298995
3.329864724245577,0.0002123565184840744
3.350676378772112,0.00021912915245946558
3.3714880332986468,0.00022605683427030402
3.3922996878251817,0.00023314165492900778
3.4131113423517165,0.00024038573237074263
3.4339229968782514,0.0002477910624820026
3.4547346514047863,0.0002553598276319382
3.475546305931321,0.00026309409109966954
3.496357960457856,0.00027099592537054707
3.5171696149843905,0.000279067475507255
3.5379812695109254,0.0002873108581685209
3.5587929240374603,0.00029572817659373235
3.579604578563995,0.00030432157308247246
3.60041623309053,0.0003130930965565343
3.621227887617065,0.0003220449059766601
3.6420395421436,0.00033117919282981594
3.6628511966701347,0.0003404980313599391
3.6836628511966696,0.0003500035950399735
3.7044745057232045,0.000359697917410249
3.7252861602497394,0.00036958326034425846
3.7460978147762742,0.0003796617342593378
3.766909469302809,0.0003899355352413862
3.787721123829344,0.00040040672695845645
3.808532778355879,0.0004110775555929072
3.8293444328824133,0.0004219501267689236
3.850156087408948,0.0004330265930137909
3.870967741935483,0.00044430906584744484
3.891779396462018,0.00045579974249428877
3.912591050988553,0.000467500853476687
3.9334027055150877,0.0004794144113909246
3.9542143600416226,0.00049154264919419
3.9750260145681575,0.0005038877461767512
3.9958376690946924,0.0005164518079205094
4.016649323621227,0.000529237138987592
4.037460978147762,0.0005422458269231534
4.058272632674297,0.0005554800522754331
4.079084287200832,0.0005689419233405671
4.099895941727366,0.0005826336465549919
4.120707596253902,0.0005965571724311037
4.141519250780436,0.0006107149062382744
4.1623309053069715,0.0006251088463046731
4.183142559833506,0.0006397411841082628
4.203954214360041,0.0006546140001617603
4.224765868886576,0.0006697295564062342
4.245577523413111,0.0006850899468466627
4.2663891779396454,0.0007006971786669984
4.287200832466181,0.0007165535028124403
4.308012486992715,0.0007326610895470012
4.3288241415192505,0.0007490219359374508
4.349635796045785,0.0007656381391914493
4.370447450572319,0.0007825119671080815
4.391259105098855,0.0007996454460400565
4.412070759625389,0.0008170407132279175
4.4328824141519245,0.0008346996324959693
4.453694068678459,0.0008526242555916374
4.474505723204994,0.0008708170653215016
4.495317377731529,0.0008892796852369115
4.516129032258064,0.0009080142378613944
4.5369406867845985,0.0009270229946474141
4.557752341311134,0.0009463077684369478
4.578563995837668,0.0009658706246607941
4.599375650364204,0.0009857134702620021
4.620187304890738,0.0010058383765387767
4.640998959417273,0.0010262474930469953
4.661810613943808,0.001046942426585665
4.682622268470342,0.0010679254922324488
4.703433922996878,0.0010891983018836344
4.724245577523412,0.0011107630641036448
4.745057232049947,0.001132621345268448
4.765868886576482,0.0011547754254016837
4.786680541103017,0.0011772267923769433
4.8074921956295515,0.0011999776138276305
4.828303850156087,0.0012230297160640351
4.849115504682621,0.0012463847351108978
4.869927159209157,0.0012700444396293747
4.890738813735691,0.0012940108712137203
4.911550468262226,0.0013182857054268673
4.932362122788761,0.001342870295710385
4.953173777315296,0.0013677669208650358
4.973985431841831,0.0013929768720228838
4.994797086368365,0.0014185020292072767
5.0156087408949,0.0014443438449500516
5.036420395421435,0.001470504309430233
5.05723204994797,0.0014969849164710035
5.078043704474505,0.0015237869433771115
5.09885535900104,0.0015509122597624195
5.119667013527574,0.0015783622621407367
5.14047866805411,0.0016061386028804147
5.161290322580644,0.0016342424145181118
5.1821019771071795,0.001662675211392681
5.202913631633714,0.0016914385040070214
5.223725286160249,0.001720533674278687
5.244536940686784,0.0017499624689218285
5.265348595213319,0.001779725506954884
5.286160249739853,0.0018098244270077946
5.306971904266389,0.0018402605874434797
5.327783558792923,0.001871035228541304
5.348595213319458,0.0019021494534072964
5.369406867845993,0.0019336042942977583
5.390218522372527,0.001965401214566548
5.411030176899063,0.0019975411899772655
5.431841831425597,0.002030025436929187
5.4526534859521325,0.0020628549105408
5.473465140478667,0.0020960301519779008
5.494276795005202,0.002129552448921693
5.515088449531737,0.002163423080344498
5.535900104058272,0.002197642469458117
5.5567117585848065,0.0022322112497796904
5.577523413111342,0.002267130827034777
5.598335067637876,0.0023024017467573395
5.619146722164412,0.002338024676670016
5.639958376690946,0.0023740000820926263
5.660770031217481,0.0024103289979112066
5.681581685744016,0.0024470121166665563
5.70239334027055,0.0024840496254339667
5.7232049947970856,0.00252144195802036
5.74401664932362,0.002559190004687686
5.764828303850155,0.00259729412404778
5.78563995837669,0.002635754615574247
5.806451612903225,0.0026745715350368756
5.8272632674297595,0.0027137455353891046
5.848074921956295,0.0027532769726856692
5.868886576482829,0.0027931657290793973
5.889698231009365,0.002833412601855191
5.910509885535899,0.0028740167648967922
5.931321540062434,0.0029149792357337743
5.952133194588969,0.0029562992213224347
5.972944849115504,0.0029979770354984646
5.993756503642039,0.0030400132865728013
6.014568158168573,0.0030824071075498402
6.035379812695108,0.0031251584602156363
6.056191467221643,0.003168267457322664
6.077003121748178,0.0032117337084478933
6.097814776274713,0.003255556540143873
6.118626430801248,0.003299736056038044
6.139438085327782,0.0033442716359355588
6.160249739854318,0.0033891630584452306
6.181061394380852,0.003434409710988272
6.201873048907387,0.0034800103693227342
6.222684703433922,0.0035259655821958127
6.243496357960457,0.0035722735661943197
6.264308012486992,0.0036189341139852838
6.285119667013527,0.003665946807168487
6.305931321540061,0.0037133108946584064
6.326742976066596,0.0037610254109934197
6.347554630593131,0.0038090892841119994
6.368366285119666,0.003857501430139927
6.389177939646201,0.003906260405301468
6.409989594172735,0.003955365867226611
6.430801248699271,0.0040048167019289755
6.451612903225805,0.004054611403338097
6.4724245577523405,0.004104748721292081
6.493236212278875,0.004155228378948284
6.51404786680541,0.004206047584929936
6.534859521331945,0.004257205400187136
6.55567117585848,0.004308700679357092
6.5764828303850145,0.0043605324480336
6.59729448491155,0.00441269795642152
6.618106139438084,0.0044651972735709955
6.63891779396462,0.004518027533824142
6.659729448491154,0.004571187019125233
6.680541103017688,0.0046246749124862815
6.701352757544224,0.004678488570272496
6.722164412070758,0.004732626798236753
6.7429760665972935,0.0047870869019846635
6.763787721123828,0.0048418674776120035
6.784599375650363,0.00489696660985136
6.805411030176898,0.004952382531778351
6.826222684703433,0.005008112188921481
6.8470343392299675,0.0050641539526039775
6.867845993756503,0.0051205060493894235
6.888657648283037,0.005177165795453266
6.909469302809573,0.005234131356233386
6.930280957336107,0.005291399971215984
6.951092611862642,0.005348969175158039
6.971904266389177,0.005406836711075104
6.992715920915712,0.005465000414323643
7.013527575442247,0.005523457376195824
7.034339229968781,0.005582204766399885
7.055150884495316,0.005641240513699246
7.075962539021851,0.0057005626598247644
7.096774193548386,0.00576016781218896
7.117585848074921,0.0058200521865234105
7.138397502601456,0.0058802141384350064
7.15920915712799,0.005940650734454423
7.180020811654526,0.006001359811177951
7.20083246618106,0.006062337745895436
7.221644120707595,0.006123581073953167
7.24245577523413,0.006185087437782755
7.263267429760665,0.006246853184637887
7.2840790842872,0.006308876227318278
7.304890738813735,0.0063711529179329065
7.325702393340269,0.006433679454733599
7.346514047866804,0.006496453871603707
7.367325702393339,0.006559471400918048
7.388137356919874,0.006622730346421766
7.408949011446409,0.006686226269014575
7.429760665972943,0.006749955627741937
7.450572320499479,0.006813916469528172
7.471383975026013,0.006878104251401157
7.4921956295525485,0.006942514991086624
7.513007284079083,0.007007146042180737
7.533818938605618,0.007071993738243424
7.554630593132153,0.007137054415803898
7.575442247658688,0.007202324625943959
7.5962539021852225,0.007267800388772531
7.617065556711758,0.00733347771865593
7.637877211238292,0.007399353501342238
7.658688865764827,0.007465424103076902
7.679500520291362,0.007531685656518612
7.700312174817896,0.007598134402615527
7.721123829344432,0.007664765374755466
7.741935483870966,0.007731576941923156
7.7627471383975015,0.00779856393258986
7.783558792924036,0.007865722589179844
7.804370447450571,0.007933048917621047
7.825182101977106,0.00800053964079509
7.845993756503641,0.008068188818610239
7.8668054110301755,0.008135994347826709
7.887617065556711,0.008203951830891572
7.908428720083245,0.008272057567494138
7.929240374609781,0.008340306360079992
7.950052029136315,0.008408693907785177
7.97086368366285,0.008477217984102309
7.991675338189385,0.00854587243866849
8.01248699271592,0.008614654647323307
8.033298647242454,0.008683559522912545
8.05411030176899,0.008752584113766749
8.074921956295524,0.008821723588587254
8.095733610822059,0.008890973976550521
8.116545265348593,0.008960331027807208
8.13735691987513,0.009029789080551793
8.158168574401664,0.009099346329406887
8.178980228928198,0.009168996992787243
8.199791883454733,0.009238737548622792
8.220603537981269,0.009308562237857417
8.241415192507803,0.009378468485380872
8.262226847034338,0.009448451715428408
8.283038501560872,0.009518506975479023
8.303850156087409,0.009588630206496125
8.324661810613943,0.009658817703570128
8.345473465140477,0.009729064834348359
8.366285119667012,0.009799367163215469
8.387096774193546,0.009869721183412812
8.407908428720082,0.009940121586946937
8.428720083246617,0.01001056438154172
8.449531737773151,0.010081045462618463
8.470343392299686,0.01015156053602568
8.491155046826222,0.01022210425914565
8.511966701352756,0.010292674090083442
8.532778355879291,0.010363265127420451
8.553590010405825,0.010433871950414645
8.574401664932362,0.010504491300032929
8.595213319458896,0.010575120188238092
8.61602497398543,0.010645751994295724
8.636836628511965,0.010716384380566046
8.657648283038501,0.010787012464943057
8.678459937565036,0.010857631091672672
8.69927159209157,0.010928236783220472
8.720083246618104,0.010998826105210626
8.740894901144639,0.011069394446608233
8.761706555671175,0.011139936781549231
8.78251821019771,0.011210449672167158
8.803329864724244,0.011280928800432426
8.824141519250778,0.01135136914862721
8.844953173777315,0.011421768762117037
8.865764828303849,0.011492122000261258
8.886576482830383,0.011562424400944089
8.907388137356918,0.01163267395395747
8.928199791883454,0.011702864487168325
8.949011446409989,0.011772993701498743
8.969823100936523,0.011843056002601084
8.990634755463057,0.01191304721932901
9.011446409989592,0.011982965385643309
9.032258064516128,0.0120528048418268
9.053069719042663,0.012122562746810702
9.073881373569197,0.012192233430631166
9.094693028095731,0.012261815046944109
9.115504682622268,0.012331302137568174
9.136316337148802,0.012400693252836104
9.157127991675337,0.012469983498374084
9.177939646201871,0.012539167510187696
9.198751300728407,0.012608242582962613
9.219562955254942,0.012677205806542443
9.240374609781476,0.012746053790325635
9.26118626430801,0.012814782200827666
9.281997918834547,0.012883387579382193
9.302809573361081,0.012951865094853444
9.323621227887616,0.013020212649698605
9.34443288241415,0.013088425131393574
9.365244536940684,0.013156501806826714
9.38605619146722,0.01322443775303595
9.406867845993755,0.013292228706429262
9.42767950052029,0.013359870967421698
9.448491155046824,0.013427362409401842
9.46930280957336,0.013494700638255835
9.490114464099895,0.01356188038536317
9.51092611862643,0.01362889997056166
9.531737773152964,0.013695755772530129
9.5525494276795,0.013762444165874563
9.573361082206034,0.013828962045100377
9.594172736732569,0.013895307103074917
9.614984391259103,0.013961474338859328
9.63579604578564,0.014027461465294839
9.656607700312174,0.014093267569824177
9.677419354838708,0.014158887496287425
9.698231009365243,0.014224319760675296
9.719042663891777,0.01428956009932528
9.739854318418313,0.014354607378788792
9.760665972944848,0.014419457429606751
9.781477627471382,0.01448410623580201
9.802289281997917,0.014548553896314532
9.823100936524453,0.014612795461437431
9.843912591050987,0.014676830164005748
9.864724245577522,0.014740655315708536
9.885535900104056,0.014804267765532883
9.906347554630592,0.014867664662030704
9.927159209157127,0.014930843954257337
9.947970863683661,0.014993803379139253
9.968782518210196,0.015056540749881718
9.98959417273673,0.015119053308901925
10.010405827263266,0.015181338000292968
10.0312174817898,0.015243393817768356
10.052029136316335,0.015305217706038104
10.07284079084287,0.015366807743431937
10.093652445369406,0.015428161283515113
10.11446409989594,0.01548927758953784
10.135275754422475,0.015550153631912861
10.15608740894901,0.015610788421295088
10.176899063475545,0.015671179132372006
10.19771071800208,0.015731325564195903
10.218522372528614,0.015791224250501282
10.239334027055149,0.01585087297620895
10.260145681581685,0.015910271483945804
10.28095733610822,0.015969417383871958
10.301768990634754,0.016028308951239627
10.322580645161288,0.01608694435982269
10.343392299687823,0.01614532223154591
10.364203954214359,0.01620344092367692
10.385015608740893,0.01626129985713902
10.405827263267428,0.016318895577622946
10.426638917793962,0.01637622784772686
10.447450572320498,0.016433297011617283
10.468262226847033,0.016490100474788372
10.489073881373567,0.01654663600313272
10.509885535900102,0.016602903296750147
10.530697190426638,0.01665889992243559
10.551508844953172,0.016714625635227187
10.572320499479707,0.016770079910802912
10.593132154006241,0.016825260844331894
10.613943808532778,0.016880167889910747
10.634755463059312,0.01693480160935147
10.655567117585846,0.016989159212925105
10.67637877211238,0.01704323909938261
10.697190426638915,0.01709704201540511
10.718002081165452,0.01715056710793325
10.738813735691986,0.017203813882001283
10.75962539021852,0.017256780696940664
10.780437044745055,0.017309468240044635
10.801248699271591,0.017361874158434175
10.822060353798125,0.017413998882559664
10.84287200832466,0.01746584057210182
10.863683662851194,0.017517400008483647
10.88449531737773,0.01756867691821415
10.905306971904265,0.017619671432434404
10.9261186264308,0.01767038140782344
10.946930280957334,0.017720806821048107
10.96774193548387,0.017770948622192938
10.988553590010405,0.017820806078716892
11.009365244536939,0.017870379749411674
11.030176899063473,0.017919667651713142
11.050988553590008,0.017968671349772047
11.071800208116544,0.018017389165783403
11.092611862643079,0.018065821140642584
11.113423517169613,0.018113968925182085
11.134235171696147,0.018161832167680147
11.155046826222684,0.01820940933326928
11.175858480749218,0.01825670252166462
11.196670135275753,0.018303711086156835
11.217481789802287,0.0183504341255742
11.238293444328823,0.01839687247039658
11.259105098855358,0.018443026951934737
11.279916753381892,0.01848889848736553
11.300728407908426,0.018534485167224793
11.321540062434963,0.018579788749248802
11.342351716961497,0.01862480874132665
11.363163371488032,0.01866954690888758
11.383975026014566,0.018714002520955998
11.4047866805411,0.018758175537750433
11.425598335067637,0.018802067858438846
11.446409989594171,0.01884567882373482
11.467221644120706,0.018889009528537743
11.48803329864724,0.018932061159580904
11.508844953173776,0.01897483399178295
11.52965660770031,0.01901732833066133
11.550468262226845,0.019059545656789953
11.57127991675338,0.019101486441193492
11.592091571279916,0.019143151771031906
11.61290322580645,0.01918454241421664
11.633714880332985,0.01922565827777203
11.654526534859519,0.019266499498871072
11.675338189386054,0.01930706846579216
11.69614984391259,0.019347364170486075
11.716961498439124,0.01938739022036835
11.737773152965659,0.0194271461426612
11.758584807492193,0.019466632406935146
11.77939646201873,0.019505851891016467
11.800208116545264,0.01954480225761883
11.821019771071798,0.019583486871019403
11.841831425598333,0.019621905408096368
11.862643080124869,0.01966006188281336
11.883454734651403,0.019697955680357402
11.904266389177938,0.019735588170889596
11.925078043704472,0.01977295852347629
11.945889698231008,0.01981006904608907
11.966701352757543,0.01984692261603496
11.987513007284077,0.01988351857709012
12.008324661810612,0.0199198594623953
12.029136316337146,0.019955945740574466
12.049947970863682,0.01999177829541795
12.070759625390217,0.020027359834236615
12.091571279916751,0.020062690120559418
12.112382934443286,0.020097770095621505
12.133194588969822,0.02013260193408512
12.154006243496356,0.0201671871989891
12.17481789802289,0.020201527927473307
12.195629552549425,0.020235624729338268
12.216441207075961,0.020269478580052062
12.237252861602496,0.02030309047807434
12.25806451612903,0.02033646396735084
12.278876170655565,0.020369599294268098
12.299687825182101,0.02040249818961617
12.320499479708635,0.020435160094047906
12.34131113423517,0.020467588500697024
12.362122788761704,0.020499785476327352
12.382934443288239,0.020531751172493524
12.403746097814775,0.02056348860168817
12.42455775234131,0.020594996699432468
12.445369406867844,0.020626279216834513
12.466181061394378,0.020657336427837365
12.486992715920914,0.02068817112187486
12.507804370447449,0.02071878427308296
12.528616024973983,0.02074917626556788
12.549427679500518,0.020779350511922402
12.570239334027054,0.020809306985345374
12.591050988553588,0.020839048162855978
12.611862643080123,0.020868576120179737
12.632674297606657,0.020897891081308243
12.653485952133192,0.020926997971653958
12.674297606659728,0.020955895505349893
12.695109261186262,0.02098458601280486
12.715920915712797,0.021013070509573573
12.736732570239331,0.021041351012712477
12.757544224765867,0.021069430653555026
12.778355879292402,0.02109730983395088
12.799167533818936,0.02112498936412278
12.81997918834547,0.021152472737244573
12.840790842872007,0.02117976070161413
12.861602497398541,0.021206853164964592
12.882414151925076,0.02123375329082191
12.90322580645161,0.021260462659334983
12.924037460978147,0.02128698390658036
12.944849115504681,0.021313318839746704
12.965660770031215,0.021339467899060154
12.98647242455775,0.021365432221641695
13.007284079084284,0.0213912147801932
13.02809573361082,0.021416818387674497
13.048907388137355,0.021442242157601835
13.06971904266389,0.02146748954241746
13.090530697190424,0.021492560572337106
13.11134235171696,0.02151745751733674
13.132154006243494,0.02154218176179389
13.152965660770029,0.021566737092086792
13.173777315296563,0.02159112352583271
13.1945889698231,0.021615342451955153
13.215400624349634,0.021639396199888083
13.236212278876168,0.021663285627548746
13.257023933402703,0.021687012209282312
13.27783558792924,0.021710579736179958
13.298647242455774,0.021733988776663236
13.319458896982308,0.021757239701869477
13.340270551508842,0.02178033596689032
13.361082206035377,0.02180327723299767
13.381893860561913,0.02182606757468419
13.402705515088448,0.021848707568103646
13.423517169614982,0.021871198418600014
13.444328824141516,0.021893540907980413
13.465140478668053,0.021915738756673894
13.485952133194587,0.021937790938603995
13.506763787721122,0.021959700721913115
13.527575442247656,0.021981471005095406
13.548387096774192,0.022003102050885768
13.569198751300727,0.022024594540532263
13.590010405827261,0.02204595223612559
13.610822060353795,0.02206717545443405
13.631633714880332,0.022088263241891958
13.652445369406866,0.02210921963692497
13.6732570239334,0.022130047911234667
13.694068678459935,0.022150747598950093
13.71488033298647,0.022171319516679316
13.735691987513006,0.022191765439728332
13.75650364203954,0.02221208791201447
13.777315296566075,0.022232288376153604
13.798126951092609,0.022252368251998552
13.818938605619145,0.022272328259625326
13.83975026014568,0.022292170196063044
13.860561914672214,0.022311895324709962
13.881373569198749,0.02233150431244892
13.902185223725285,0.02235099909645366
13.92299687825182,0.022370381236374
13.943808532778354,0.02238965375603196
13.964620187304888,0.022408817510485273
13.985431841831424,0.02242787088809068
14.006243496357959,0.022446817897768465
14.027055150884493,0.022465660229811914
14.047866805411028,0.022484397014381735
14.068678459937562,0.02250303047632282
14.089490114464098,0.022521564309919223
14.110301768990633,0.0225399976398412
14.131113423517167,0.022558331891558304
14.151925078043702,0.022576569566317914
14.172736732570238,0.022594710598952537
14.193548387096772,0.022612755397406883
14.214360041623307,0.022630706779449818
14.235171696149841,0.022648565261455252
14.255983350676377,0.02266633378871665
14.276795005202912,0.022684010542943864
14.297606659729446,0.022701599652213827
14.31841831425598,0.02271909909323691
14.339229968782515,0.02273651223298617
14.360041623309051,0.02275384040792578
14.380853277835586,0.022771084550851087
14.40166493236212,0.02278824458034808
14.422476586888655,0.02280532285613938
14.44328824141519,0.022822321548352086
14.464099895941725,0.022839240002575308
14.48491155046826,0.022856081387942918
14.505723204994794,0.022872843845029037
14.52653485952133,0.022889530906909275
14.547346514047865,0.022906141093402055
14.5681581685744,0.02292267792084511
14.588969823100934,0.022939141508111778
14.60978147762747,0.022955531779584787
14.630593132154004,0.022971852091424518
14.651404786680539,0.022988101781955927
14.672216441207073,0.02300428105136791
14.693028095733608,0.023020392758737847
14.713839750260144,0.02303643796473764
14.734651404786678,0.02305241643280921
14.755463059313213,0.02306832898239
14.776274713839747,0.023084176830988477
14.797086368366283,0.023099961303305497
14.817898022892818,0.023115682961288877
14.838709677419352,0.023131341888147788
14.859521331945887,0.023146940949010264
14.880332986472423,0.02316247848137022
14.901144640998957,0.02317795779300754
14.921956295525492,0.02319337783752353
14.942767950052026,0.023208741093430473
14.963579604578563,0.023224046292091467
14.984391259105097,0.02323929573502673
15.005202913631631,0.02325448941697012
15.026014568158166,0.023269629979142663
15.0468262226847,0.023284714236038832
15.067637877211236,0.0232997461453372
15.088449531737771,0.023314726193485354
15.109261186264305,0.023329654775589213
15.13007284079084,0.02334453227637485
15.150884495317376,0.02335935926618517
15.17169614984391,0.0233741367258702
15.192507804370445,0.023388863955935014
15.21331945889698,0.023403544923578247
15.234131113423516,0.023418177090561234
15.25494276795005,0.023432762342863674
15.275754422476584,0.023447299815861602
15.296566077003119,0.023461793015579595
15.317377731529653,0.023476240678348345
15.33818938605619,0.023490644118387916
15.359001040582724,0.023505003642067916
15.379812695109258,0.023519320019900695
15.400624349635793,0.02353359280260207
15.421436004162329,0.023547821907030243
15.442247658688864,0.023562010019007887
15.463059313215398,0.02357615511406817
15.483870967741932,0.023590261219821065
15.504682622268469,0.02360432533159155
15.525494276795003,0.023618347917316488
15.546305931321537,0.023632331735863384
15.567117585848072,0.023646277981004066
15.587929240374608,0.023660184149755417
15.608740894901143,0.023674051345994578
15.629552549427677,0.023687880431314184
15.650364203954211,0.02370167324651254
15.671175858480746,0.02371542688282689
15.691987513007282,0.023729143907462873
15.712799167533817,0.023742825893153637
15.733610822060351,0.023756470125645336
15.754422476586885,0.02377007766002224
15.775234131113422,0.023783650643919706
15.796045785639956,0.023797190095322884
15.81685744016649,0.023810694027812735
15.837669094693025,0.023824162587060178
15.858480749219561,0.023837597777705388
15.879292403746096,0.02385099940047149
15.90010405827263,0.0238643673041664
15.920915712799165,0.023877701063664592
15.9417273673257,0.023891002705847385
15.962539021852235,0.02390427040570459
15.98335067637877,0.02391750725734601
16.004162330905306,0.023930711745658986
16.02497398543184,0.023943883588848382
16.045785639958375,0.023957022159744067
16.066597294484907,0.023970130768802594
16.087408949011444,0.02398320808939356
16.10822060353798,0.02399625438582523
16.129032258064512,0.024009270701866207
16.14984391259105,0.02402225611913931
16.170655567117585,0.024035208891369196
16.191467221644118,0.024048133043732503
16.212278876170654,0.024061025639262813
16.233090530697186,0.024073889582926444
16.253902185223723,0.02408672164613233
16.27471383975026,0.024099525298292762
16.29552549427679,0.024112298916072753
16.316337148803328,0.02412504173545391
16.33714880332986,0.024137755908100106
16.357960457856397,0.024150440144033017
16.378772112382933,0.02416309618444756
16.399583766909466,0.024175722000288905
16.420395421436,0.024188320328735458
16.441207075962538,0.024200889279434534
16.46201873048907,0.024213429131248604
16.482830385015607,0.024225940582706038
16.50364203954214,0.024238422215722647
16.524453694068676,0.02425087667198496
16.545265348595212,0.024263302000154217
16.566077003121745,0.024275699435430478
16.58688865764828,0.024288068227450055
16.607700312174817,0.024300407311711486
16.62851196670135,0.024312717990833135
16.649323621227886,0.024325001203119784
16.67013527575442,0.024337256099812146
16.690946930280955,0.024349482689623763
16.71175858480749,0.0243616790877084
16.732570239334024,0.02437384787987333
16.75338189386056,0.024385988425238276
16.774193548387093,0.0243981007322438
16.79500520291363,0.024410184758868164
16.815816857440165,0.02442224116408493
16.836628511966698,0.02443426901578807
16.857440166493234,0.0244462676645544
16.87825182101977,0.02445823787810804
16.899063475546303,0.024470180062936837
16.91987513007284,0.024482093254791604
16.94068678459937,0.024493977009499
16.961498439125908,0.02450583368004789
16.982310093652444,0.0245176617795776
17.003121748178977,0.024529460607295286
17.023933402705513,0.024541231163015535
17.044745057232046,0.024552974256016553
17.065556711758582,0.024564688089039232
17.086368366285118,0.024576373965509126
17.10718002081165,0.024588030431300544
17.127991675338187,0.024599658975645273
17.148803329864723,0.024611258648107138
17.169614984391256,0.024622829126592288
17.190426638917792,0.024634369700408727
17.211238293444325,0.02464588059427557
17.23204994797086,0.0246573626219974
17.252861602497397,0.024668817405202416
17.27367325702393,0.024680242777666422
17.294484911550466,0.024691638932506615
17.315296566077002,0.024703006928937496
17.336108220603535,0.024714345253011034
17.35691987513007,0.024725653014252447
17.377731529656604,0.024736931330345255
17.39854318418314,0.024748180933089392
17.419354838709676,0.024759400004723705
17.44016649323621,0.02477058937732704
17.460978147762745,0.024781747729910042
17.481789802289278,0.024792878375584512
17.502601456815814,0.024803977732749654
17.52341311134235,0.02481504702328254
17.544224765868883,0.02482608788852717
17.56503642039542,0.024837097287817186
17.585848074921955,0.024848076343631023
17.606659729448488,0.024859024002231323
17.627471383975024,0.024869941846333926
17.648283038501557,0.024880829935515096
17.669094693028093,0.02489168557338792
17.68990634755463,0.024902511222121452
17.710718002081162,0.024913305998248224
17.731529656607698,0.02492407012368008
17.75234131113423,0.024934802926202176
17.773152965660767,0.024945503540715543
17.793964620187303,0.024956174174328723
17.814776274713836,0.02496681312920206
17.835587929240372,0.024977421034713097
17.85639958376691,0.02498799752893394
17.87721123829344,0.02499854147100244
17.898022892819977,0.025009055919286795
17.91883454734651,0.025019537933876283
17.939646201873046,0.02502998876202399
17.960457856399582,0.025040406614863224
17.981269510926115,0.025050792907886674
18.00208116545265,0.025061147147893575
18.022892819979184,0.025071470638134176
18.04370447450572,0.025081761631531564
18.064516129032256,0.025092020107254417
18.08532778355879,0.025102246675069714
18.106139438085325,0.02511244182655774
18.12695109261186,0.02512260517864965
18.147762747138394,0.025132734610927833
18.16857440166493,0.025142830901228874
18.189386056191463,0.025152897607412537
18.210197710718,0.025162931209925316
18.231009365244535,0.025172931679730157
18.251821019771068,0.025182899293886684
18.272632674297604,0.0251928365167393
18.29344432882414,0.025202739068773888
18.314255983350673,0.025212609703842977
18.33506763787721,0.02522244625314177
18.355879292403742,0.02523225175090482
18.376690946930278,0.025242024812826024
18.397502601456814,0.0252517639302883
18.418314255983347,0.02526147027902939
18.439125910509883,0.025271143630264857
18.459937565036416,0.025280785040716958
18.480749219562952,0.02529039405200056
18.50156087408949,0.025299970364312606
18.52237252861602,0.025309513148302484
18.543184183142557,0.025319024105308237
18.563995837669093,0.02532850185109852
18.584807492195626,0.025337948383809854
18.605619146722162,0.0253473596792926
18.626430801248695,0.02535673765834239
18.64724245577523,0.025366084029922832
18.668054110301767,0.025375397156570962
18.6888657648283,0.025384675723842606
18.709677419354836,0.025393921199292742
18.73048907388137,0.025403135956353847
18.751300728407905,0.025412317953271445
18.77211238293444,0.025421465713451344
18.792924037460974,0.02543058261775668
18.81373569198751,0.02543966592233729
18.834547346514046,0.02544871675767864
18.85535900104058,0.02545773423221555
18.876170655567115,0.025466719043937984
18.896982310093648,0.025475669435235094
18.917793964620184,0.025484587029241595
18.93860561914672,0.025493472211122532
18.959417273673253,0.025502325196540165
18.98022892819979,0.025511144391199687
19.001040582726322,0.02551993300250175
19.02185223725286,0.02552868949263558
19.042663891779394,0.02553741131803501
19.063475546305927,0.025546100306357362
19.084287200832463,0.025554759138386517
19.105098855359,0.02556338309664326
19.125910509885532,0.02557197608481981
19.14672216441207,0.02558053508498755
19.1675338189386,0.025589061590844477
19.188345473465137,0.025597556735322748
19.209157127991674,0.025606019328935834
19.229968782518206,0.025614450462353205
19.250780437044742,0.025622849408342783
19.27159209157128,0.025631216372119067
19.29240374609781,0.025639550446836773
19.313215400624347,0.025647851942072076
19.33402705515088,0.025656123139263534
19.354838709677416,0.025664361262971107
19.375650364203953,0.025672569468780857
19.396462018730485,0.025680746429739748
19.41727367325702,0.025688890406652128
19.438085327783554,0.02569700224300706
19.45889698231009,0.02570508421034542
19.479708636836627,0.02571313479829886
19.50052029136316,0.025721152282020657
19.521331945889695,0.02572914016040373
19.54214360041623,0.025737095080167607
19.562955254942764,0.025745021118491265
19.5837669094693,0.025752915467756068
19.604578563995833,0.02576077987580406
19.62539021852237,0.02576861091640396
19.646201873048906,0.025776412054315547
19.66701352757544,0.025784185106144056
19.687825182101975,0.02579192703957096
19.708636836628507,0.025799638351227925
19.729448491155043,0.025807317974697312
19.75026014568158,0.025814968397321964
19.771071800208112,0.02582258941305088
19.79188345473465,0.025830180597684115
19.812695109261185,0.02583774031280233
19.833506763787717,0.025845272473906694
19.854318418314254,0.025852775157332218
19.875130072840786,0.02586024784195106
19.895941727367322,0.025867690617753816
19.91675338189386,0.025875104568122517
19.93756503642039,0.025882487501125113
19.958376690946928,0.02588984324618341
19.97918834547346,0.025897167998069112
19.999999999999996,0.02590446584816431
20.020811654526533,0.025911735159282683
20.041623309053065,0.02591897661183581
20.0624349635796,0.025926187797951247
20.083246618106138,0.02593337028786232
20.10405827263267,0.025940525677953005
20.124869927159207,0.025947654526934417
20.14568158168574,0.02595475577451081
20.166493236212276,0.025961828805429108
20.18730489073881,0.025968872435351776
20.208116545265344,0.025975890939665944
20.22892819979188,0.025982879854580157
20.249739854318417,0.02598984302563567
20.27055150884495,0.025996779829510545
20.291363163371486,0.02600368953568291
20.31217481789802,0.026010571978628133
20.332986472424555,0.02601742707545521
20.35379812695109,0.02602425597160549
20.374609781477623,0.026031059483542774
20.39542143600416,0.026037835144755665
20.416233090530692,0.026044585660661968
20.43704474505723,0.026051309203993858
20.457856399583765,0.026058007302976242
20.478668054110297,0.026064678863591883
20.499479708636834,0.026071326474157566
20.52029136316337,0.026077947814639225
20.541103017689903,0.02608454397158299
20.56191467221644,0.02609111450243191
20.58272632674297,0.02609765909533763
20.603537981269508,0.02610418057685421
20.624349635796044,0.026110677887721902
20.645161290322577,0.026117148700459107
20.665972944849113,0.0261235971687692
20.686784599375645,0.0261300192626713
20.70759625390218,0.02613641768495064
20.728407908428718,0.02614279338389646
20.74921956295525,0.026149144289561325
20.770031217481787,0.026155472290188126
20.790842872008323,0.026161776033789608
20.811654526534856,0.026168056850675865
20.832466181061392,0.026174314446804445
20.853277835587924,0.0261805480239315
20.87408949011446,0.02618675923198397
20.894901144640997,0.026192947850863096
20.91571279916753,0.026199111625773836
20.936524453694066,0.02620525205792772
20.957336108220602,0.026211372349140262
20.978147762747135,0.026217470580512544
20.99895941727367,0.026223545833910077
21.019771071800204,0.026229597565891546
21.04058272632674,0.02623562738886322
21.061394380853276,0.026241637195433445
21.08220603537981,0.026247625077255112
21.103017689906345,0.026253590892293083
21.123829344432878,0.02625953623618794
21.144640998959414,0.026265461634156974
21.16545265348595,0.026271363295814892
21.186264308012483,0.02627724627296088
21.20707596253902,0.026283108297395302
21.227887617065555,0.02628894852566453
21.248699271592088,0.026294769110659814
21.269510926118624,0.026300569232095387
21.290322580645157,0.02630634912908083
21.311134235171693,0.026312110439271678
21.33194588969823,0.02631785161829402
21.35275754422476,0.02632357422368931
21.373569198751298,0.026329273364164744
21.39438085327783,0.026334956111108886
21.415192507804367,0.02634061775980135
21.436004162330903,0.02634625958191941
21.456815816857436,0.02635188264906219
21.477627471383972,0.026357486119845407
21.498439125910508,0.026363070569994516
21.51925078043704,0.026368637752810373
21.540062434963577,0.02637418734807307
21.56087408949011,0.026379716739697214
21.581685744016646,0.02638522880930347
21.602497398543182,0.026390723014019193
21.623309053069715,0.026396199599196597
21.64412070759625,0.02640165814845488
21.664932362122784,0.02640709913167127
21.68574401664932,0.026412520551364258
21.706555671175856,0.026417924718080785
21.72736732570239,0.026423310180714542
21.748178980228925,0.026428680027785346
21.76899063475546,0.02643403228180001
21.789802289281994,0.026439364548588213
21.81061394380853,0.026444680409950322
21.831425598335063,0.026449979686313282
21.8522372528616,0.02645526339788413
21.873048907388135,0.026460530373764224
21.893860561914668,0.026465778366956957
21.914672216441204,0.026471010458736868
21.93548387096774,0.02647622608065644
21.956295525494273,0.02648142382151475
21.97710718002081,0.026486607132337907
21.99791883454734,0.026491773162135402
22.018730489073878,0.02649692366073685
22.039542143600414,0.026502057310408868
22.060353798126947,0.026507175140190794
22.081165452653483,0.026512277436692634
22.101977107180016,0.026517363589872278
22.122788761706552,0.026522434326058105
22.143600416233088,0.026527487460945735
22.16441207075962,0.026532524828411157
22.185223725286157,0.026537546966589984
22.206035379812693,0.026542554989245452
22.226847034339226,0.02654754702270657
22.247658688865762,0.026552524027457305
22.268470343392295,0.026557484497601935
22.28928199791883,0.026562429261358385
22.310093652445367,0.026567360388132826
22.3309053069719,0.02657227714241641
22.351716961498436,0.02657717928156591
22.37252861602497,0.026582063580425908
22.393340270551505,0.02658693547752145
22.41415192507804,0.02659179282802315
22.434963579604574,0.026596632686641926
22.45577523413111,0.02660146005534557
22.476586888657646,0.026606271565277693
22.49739854318418,0.026611068294856
22.518210197710715,0.0266158519515743
22.539021852237248,0.026620619491788036
22.559833506763784,0.026625374006783997
22.58064516129032,0.026630114846785166
22.601456815816853,0.026634841057925893
22.62226847034339,0.026639552126014807
22.643080124869925,0.026644248250132063
22.663891779396458,0.026648929130466986
22.684703433922994,0.026653598787818835
22.705515088449527,0.026658254295207805
22.726326742976063,0.026662894354438083
22.7471383975026,0.02666752159533732
22.767950052029132,0.02667213428870449
22.78876170655567,0.02667673406270624
22.8095733610822,0.026681318973319903
22.830385015608737,0.02668589202668249
22.851196670135273,0.026690448004680848
22.872008324661806,0.026694991479035084
22.892819979188342,0.026699520028680437
22.91363163371488,0.02670403464288178
22.93444328824141,0.02670853471472737
22.955254942767947,0.026713021486971345
22.97606659729448,0.026717497004545013
22.996878251821016,0.02672195634998351
23.017689906347552,0.026726402789472182
23.038501560874085,0.026730836432129895
23.05931321540062,0.02673525734066144
23.080124869927154,0.02673966516666854
23.10093652445369,0.026744056353655885
23.121748178980226,0.02674843649428464
23.14255983350676,0.02675280114127298
23.163371488033295,0.026757154841742996
23.18418314255983,0.026761493123653814
23.204994797086364,0.026765819572753147
23.2258064516129,0.0267701321934251
23.246618106139433,0.026774430911543967
23.26742976066597,0.026778714959220126
23.288241415192505,0.02678298625343294
23.309053069719038,0.026787243151348263
23.329864724245574,0.026791488793343348
23.350676378772107,0.026795720413281963
23.371488033298643,0.02679993807609135
23.39229968782518,0.026804144050960824
23.413111342351712,0.026808336118169324
23.43392299687825,0.026812515893112596
23.454734651404785,0.02681667957457006
23.475546305931317,0.026820832703940128
23.496357960457853,0.026824970113507363
23.517169614984386,0.026829096841946738
23.537981269510922,0.026833210206698828
23.55879292403746,0.026837307856845714
23.57960457856399,0.026841394678444062
23.600416233090527,0.02684546613569854
23.621227887617064,0.02684952413496956
23.642039542143596,0.02685357004561173
23.662851196670132,0.0268576008405025
23.683662851196665,0.026861619895204466
23.7044745057232,0.026865625868755846
23.725286160249738,0.02686961891507218
23.74609781477627,0.02687359875472541
23.766909469302806,0.026877563456566476
23.78772112382934,0.026881516028322908
23.808532778355875,0.026885453750176057
23.82934443288241,0.026889379003885522
23.850156087408944,0.026893291204299792
23.87096774193548,0.02689718965717741
23.891779396462017,0.026901073798077112
23.91259105098855,0.0269049437960765
23.933402705515086,0.02690880208844069
23.954214360041618,0.026912646950636297
23.975026014568154,0.0269164774512527
23.99583766909469,0.02692029564510155
24.016649323621223,0.02692409935688596
24.03746097814776,0.026927889530737593
24.058272632674292,0.026931663602629753
24.07908428720083,0.02693542441661245
24.099895941727365,0.026939173911842255
24.120707596253897,0.026942908790096826
24.141519250780433,0.02694663087623777
24.16233090530697,0.026950339306816888
24.183142559833502,0.026954031592361104
24.20395421436004,0.02695771164414697
24.22476586888657,0.026961375519085423
24.245577523413107,0.02696502734480644
24.266389177939644,0.02696866655738759
24.287200832466176,0.02697229189812334
24.308012486992713,0.02697590186881713
24.328824141519245,0.026979496999179564
24.34963579604578,0.026983080054000342
24.370447450572318,0.026986647178418442
24.39125910509885,0.026990199814964474
24.412070759625387,0.02699373997145847
24.432882414151923,0.026997266209508725
24.453694068678455,0.027000776252308577
24.47450572320499,0.02700427364207683
24.495317377731524,0.02700775560212553
24.51612903225806,0.02701122363690354
24.536940686784597,0.02701467703505873
24.55775234131113,0.027018118038960107
24.578563995837666,0.027021543084323002
24.599375650364202,0.02702495397236046
24.620187304890734,0.027028351304020266
24.64099895941727,0.027031733936005473
24.661810613943803,0.027035104098637446
24.68262226847034,0.027038457181179212
24.703433922996876,0.027041797174999504
24.72424557752341,0.027045121894337783
24.745057232049945,0.027048433561665454
24.765868886576477,0.02705173086466422
24.786680541103014,0.0270550132564303
24.80749219562955,0.027058282269846176
24.828303850156082,0.02706153751965795
24.84911550468262,0.027064776810707018
24.869927159209155,0.027068003371056
24.890738813735688,0.027071215320863262
24.911550468262224,0.02707441148283664
24.932362122788756,0.02707759320637754
24.953173777315293,0.027080760462784285
24.97398543184183,0.027083915680290643
24.99479708636836,0.02708705679009472
25.015608740894898,0.027090181990273455
25.03642039542143,0.027093294069021296
25.057232049947967,0.027096390303822698
25.078043704474503,0.027099471446396736
25.098855359001035,0.027102540566212592
25.11966701352757,0.027105594836335727
25.140478668054108,0.027108633346381136
25.16129032258064,0.02711165798830052
25.182101977107177,0.027114667890177364
25.20291363163371,0.027117663266873676
25.223725286160246,0.027120643795455836
25.244536940686782,0.027123612056740472
25.265348595213315,0.027126564493541585
25.28616024973985,0.02712950433577799
25.306971904266383,0.027132429502884848
25.32778355879292,0.027135338856851654
25.348595213319456,0.027138233927252706
25.36940686784599,0.027141114915541227
25.390218522372525,0.027143982813478643
25.41103017689906,0.027146834382200564
25.431841831425594,0.02714967249166751
25.45265348595213,0.02715249452175939
25.473465140478663,0.02715530331649608
25.4942767950052,0.027158096577445244
25.515088449531735,0.02716087504649778
25.535900104058268,0.027163640189250143
25.556711758584804,0.027166390700398002
25.57752341311134,0.027169125704096977
25.598335067637873,0.027171843903910534
25.61914672216441,0.027174550401964103
25.63995837669094,0.02717724204409511
25.660770031217478,0.027179919447112153
25.681581685744014,0.027182579666622134
25.702393340270547,0.0271852251709795
25.723204994797083,0.027187856930582115
25.744016649323616,0.02719047407857918
25.76482830385015,0.027193076556844126
25.785639958376688,0.027195662297732064
25.80645161290322,0.02719823553597715
25.827263267429757,0.027200792711010714
25.848074921956293,0.027203335014740142
25.868886576482826,0.02720586126332116
25.889698231009362,0.027208375781976837
25.910509885535895,0.027210872950700883
25.93132154006243,0.027213355299475852
25.952133194588967,0.02721582345241435
25.9729448491155,0.027218276929384774
25.993756503642036,0.027220714564170436
26.01456815816857,0.027223138805012186
26.035379812695105,0.027225548359278894
26.05619146722164,0.027227943375917392
26.077003121748174,0.02723032232690775
26.09781477627471,0.027232687161726193
26.118626430801246,0.027235035917633772
26.13943808532778,0.027237371726102137
26.160249739854315,0.02723969162098369
26.181061394380848,0.027241998005962956
26.201873048907384,0.02724428798536352
26.22268470343392,0.027246566390696867
26.243496357960453,0.027248827042973395
26.26430801248699,0.027251074089743713
26.285119667013525,0.027253306204004426
26.305931321540058,0.027255524237958073
26.326742976066594,0.02725772986532065
26.347554630593127,0.027259918097654122
26.368366285119663,0.027262093933468796
26.3891779396462,0.027264253719476095
26.409989594172732,0.02726640140079725
26.430801248699268,0.027268534373562484
26.4516129032258,0.02727065322461935
26.472424557752337,0.02727275649588045
26.493236212278873,0.027274844619326246
26.514047866805406,0.027276919637231244
26.534859521331942,0.02727897887327537
26.55567117585848,0.02728102510965843
26.57648283038501,0.02728305879694802
26.597294484911547,0.02728507711179664
26.61810613943808,0.027287080884325424
26.638917793964616,0.027289072110265156
26.659729448491152,0.027291047906849168
26.680541103017685,0.027293008942048846
26.70135275754422,0.027294958100464565
26.722164412070754,0.027296891118123202
26.74297606659729,0.027298812971511564
26.763787721123826,0.02730072141160651
26.78459937565036,0.02730261374488249
26.805411030176895,0.027304493638758375
26.82622268470343,0.02730635892631775
26.847034339229964,0.027308211430860724
26.8678459937565,0.027310050202961164
26.888657648283033,0.027311876190980366
26.90946930280957,0.02731368622048705
26.930280957336105,0.027315483648623295
26.951092611862638,0.027317266739781014
26.971904266389174,0.027319038881439488
26.992715920915707,0.027320794747607863
27.013527575442243,0.027322537703016122
27.03433922996878,0.02732426914190489
27.055150884495312,0.027325985077650182
27.075962539021848,0.027327687544634844
27.096774193548384,0.027329379294002903
27.117585848074917,0.027331056888305165
27.138397502601453,0.027332721958884452
27.159209157127986,0.027334370947127828
27.180020811654522,0.027336008872643973
27.20083246618106,0.02733763300637394
27.22164412070759,0.027339245338688173
27.242455775234127,0.027340842764377725
27.263267429760663,0.02734242902845464
27.284079084287196,0.027344001598972205
27.304890738813732,0.027345562365625565
27.325702393340265,0.02734710929259106
27.3465140478668,0.02734864260132212
27.367325702393337,0.027350166342267845
27.38813735691987,0.02735167471764864
27.408949011446406,0.0273531701424592
27.42976066597294,0.027354653886090992
27.450572320499475,0.027356123800655448
27.47138397502601,0.02735758128422593
27.492195629552544,0.027359025657038682
27.51300728407908,0.02736046027652585
27.533818938605616,0.027361879488384255
27.55463059313215,0.027363288939245476
27.575442247658685,0.027364684690406215
27.596253902185218,0.02736606977618518
27.617065556711754,0.027367440012621945
27.63787721123829,0.027368800525899954
27.658688865764823,0.02737014819844651
27.67950052029136,0.02737148600328694
27.700312174817892,0.02737281118139008
27.721123829344428,0.027374122682139998
27.741935483870964,0.02737542393921745
27.762747138397497,0.02737671187092327
27.783558792924033,0.02737798992423408
27.80437044745057,0.02737925333815203
27.825182101977102,0.02738050540723845
27.84599375650364,0.027381747012849445
27.86680541103017,0.02738297617165127
27.887617065556707,0.02738419455362331
27.908428720083243,0.02738540117270375
27.929240374609776,0.02738659491006314
27.950052029136312,0.027387777978367115
27.97086368366285,0.027388950909302958
27.99167533818938,0.02739011324352282
28.012486992715917,0.027391260864316612
28.03329864724245,0.02739240028205233
28.054110301768986,0.027393527189278313
28.074921956295523,0.027394641512697795
28.095733610822055,0.02739574521304935
28.11654526534859,0.027396837699353804
28.137356919875124,0.027397918727594076
28.15816857440166,0.027398989222151574
28.178980228928197,0.027400049623344178
28.19979188345473,0.027401098739555558
28.220603537981265,0.027402136322033973
28.2414151925078,0.027403162900129376
28.262226847034334,0.027404179845996846
28.28303850156087,0.027405184679675537
28.303850156087403,0.027406180844214853
28.32466181061394,0.02740716760638
28.345473465140476,0.027408143469789762
28.36628511966701,0.027409106262578805
28.387096774193544,0.027410058150099285
28.407908428720077,0.027411002745140828
28.428720083246613,0.027411935216338872
28.44953173777315,0.02741285983445759
28.470343392299682,0.027413773703183528
28.49115504682622,0.027414676469188087
28.511966701352755,0.02741557039579648
28.532778355879287,0.02741645479064309
28.553590010405824,0.02741732870440637
28.574401664932356,0.02741819276399642
28.595213319458892,0.027419046359447044
28.61602497398543,0.027419890441215542
28.63683662851196,0.027420722412438193
28.657648283038498,0.027421546805973168
28.67845993756503,0.02742235904390815
28.699271592091566,0.027423163052971877
28.720083246618103,0.02742395608141389
28.740894901144635,0.02742473877087779
28.76170655567117,0.02742551413248679
28.782518210197708,0.027426276359389046
28.80332986472424,0.02742702878541329
28.824141519250777,0.027427771515036756
28.84495317377731,0.02742850584397782
28.865764828303845,0.027429228796511777
28.88657648283038,0.027429943512614068
28.907388137356914,0.02743064938087346
28.92819979188345,0.027431343856973933
28.949011446409987,0.027432028065661952
28.96982310093652,0.027432703860569372
28.990634755463056,0.02743337059634246
29.01144640998959,0.027434027838653154
29.032258064516125,0.027434676619689905
29.05306971904266,0.027435314733287003
29.073881373569193,0.02743594421625995
29.09469302809573,0.02743656360912203
29.115504682622262,0.027437172443412688
29.1363163371488,0.027437774256761204
29.157127991675335,0.027438367047440685
29.177939646201867,0.027438949954715658
29.198751300728404,0.0274395245923309
29.21956295525494,0.027440090008252784
29.240374609781473,0.027440646153580113
29.26118626430801,0.027441192182799622
29.28199791883454,0.02744173021809862
29.302809573361078,0.02744226035900913
29.323621227887614,0.02744278048434514
29.344432882414146,0.027443292184503556
29.365244536940683,0.02744379346584366
29.386056191467215,0.027444289950793146
29.40686784599375,0.02744477730464388
29.427679500520288,0.027445255529674854
29.44849115504682,0.027445724651912737
29.469302809573357,0.02744618643365636
29.490114464099893,0.027446638285587133
29.510926118626426,0.027447082096632443
29.531737773152962,0.027447518730526678
29.552549427679494,0.02744794734418072
29.57336108220603,0.027448368140607825
29.594172736732567,0.02744877837978211
29.6149843912591,0.02744918361779032
29.635796045785636,0.02744957968132134
29.65660770031217,0.027449968539996393
29.677419354838705,0.02745034743469774
29.69823100936524,0.027450717788453125
29.719042663891774,0.027451081058951766
29.73985431841831,0.02745143708123395
29.760665972944846,0.0274517830274452
29.78147762747138,0.02745212214918804
29.802289281997915,0.02745245267092741
29.823100936524447,0.027452776337065322
29.843912591050984,0.027453092322937696
29.86472424557752,0.0274534004717719
29.885535900104053,0.027453698021217592
29.90634755463059,0.027453988602145225
29.927159209157125,0.027454272261840735
29.947970863683658,0.02745454790506693
29.968782518210194,0.027454816144190992
29.989594172736727,0.02745507775035234
30.010405827263263,0.027455328307861408
30.0312174817898,0.027455572005264956
30.05202913631633,0.027455808696836854
30.072840790842868,0.02745603735593712
30.0936524453694,0.027456257187605162
30.114464099895937,0.02745646919915176
30.135275754422473,0.027456673297647918
30.156087408949006,0.02745687022426605
30.176899063475542,0.027457058087778815
30.197710718002078,0.02745723801561956
30.21852237252861,0.027457410003386393
30.239334027055147,0.027457573523586406
30.26014568158168,0.027457730039088045
30.280957336108216,0.027457880708108964
30.301768990634752,0.027458021773526693
30.322580645161285,0.027458157290295316
30.34339229968782,0.027458283609926828
30.364203954214354,0.02745840105591862
30.38501560874089,0.027458513411091408
30.405827263267426,0.02745861752743594
30.42663891779396,0.027458713769327747
30.447450572320495,0.027458802785232807
30.46826222684703,0.027458884369270666
30.489073881373564,0.027458959435906125
30.5098855359001,0.02745902562964199
30.530697190426633,0.027459086350246967
30.55150884495317,0.027459139901501835
30.572320499479705,0.02745918641929791
30.593132154006238,0.02745922494494205
30.613943808532774,0.027459256949726348
30.634755463059307,0.027459279335587474
30.655567117585843,0.027459295441202014
30.67637877211238,0.027459304093570867
30.69719042663891,0.027459307929191285
30.718002081165448,0.027459302048781623
30.738813735691984,0.027459289062154116
30.759625390218517,0.027459271468461065
30.780437044745053,0.0274592477349893
30.801248699271586,0.027459215283903004
30.822060353798122,0.027459177685014872
30.842872008324658,0.02745913270379929
30.86368366285119,0.02745907936405052
30.884495317377727,0.02745901979099882
30.905306971904263,0.027458952329783452
30.926118626430796,0.027458878935992914
30.946930280957332,0.027458797115337538
30.967741935483865,0.027458710333467102
30.9885535900104,0.027458617766716344
31.009365244536937,0.027458518117704608
31.03017689906347,0.027458411588235226
31.050988553590006,0.027458299687168956
31.07180020811654,0.027458180779913494
31.092611862643075,0.027458051774920576
31.11342351716961,0.02745791707271603
31.134235171696144,0.02745777709058908
31.15504682622268,0.027457629725983115
31.175858480749216,0.027457475199956293
31.19667013527575,0.027457315541743594
31.217481789802285,0.027457149306287926
31.238293444328818,0.027456976556062707
31.259105098855354,0.027456795945810658
31.27991675338189,0.02745660918128133
31.300728407908423,0.027456415900995755
31.32154006243496,0.027456214054864383
31.342351716961492,0.027456006546953435
31.363163371488028,0.027455791479627074
31.383975026014564,0.027455570742228933
31.404786680541097,0.027455342540150685
31.425598335067633,0.02745510939942304
31.44640998959417,0.027454869554768824
31.467221644120702,0.02745462352544092
31.488033298647238,0.02745436856270497
31.50884495317377,0.027454107437286566
31.529656607700307,0.027453842096784267
31.550468262226843,0.027453568470538887
31.571279916753376,0.027453289692155228
31.592091571279912,0.027453001623624955
31.61290322580645,0.02745270933389049
31.63371488033298,0.027452409164354583
31.654526534859517,0.027452104905320258
31.67533818938605,0.027451791574199847
31.696149843912586,0.027451470956512423
31.716961498439122,0.027451143806198522
31.737773152965655,0.027450813893203627
31.75858480749219,0.02745047594541087
31.779396462018724,0.02745013352016268
31.80020811654526,0.027449782927072907
31.821019771071796,0.027449425185292586
31.84183142559833,0.02744906342317424
31.862643080124865,0.027448694754038418
31.8834547346514,0.027448320624168302
31.904266389177934,0.02744794048301041
31.92507804370447,0.027447551556720313
31.945889698231003,0.027447160035877653
31.96670135275754,0.027446761997286077
31.987513007284075,0.027446354597706
32.00832466181061,0.027445942196821584
32.029136316337144,0.027445524120590117
32.04994797086368,0.02744510053592194
32.07075962539022,0.027444670742202158
32.09157127991675,0.027444237122127017
32.11238293444328,0.027443794993774234
32.133194588969815,0.027443349113309735
32.154006243496355,0.02744289603461573
32.17481789802289,0.027442436904902872
32.19562955254942,0.027441973711129608
32.21644120707596,0.02744150194526569
32.23725286160249,0.027441027476531238
32.258064516129025,0.0274405447163741
32.278876170655565,0.02744005602289576
32.2996878251821,0.027439562213614817
32.32049947970863,0.027439063874340173
32.34131113423517,0.027438557937111276
32.3621227887617,0.027438046685107673
32.382934443288235,0.02743753115627761
32.40374609781477,0.027437010612670964
32.42455775234131,0.02743648267833013
32.44536940686784,0.027435948586428005
32.46618106139437,0.027435409510854145
32.48699271592091,0.027434864608891135
32.507804370447445,0.027434315391464816
32.52861602497398,0.02743375911795909
32.54942767950052,0.027433198189697475
32.57023933402705,0.027432632019422316
32.59105098855358,0.027432060627476433
32.61186264308012,0.027431480992650855
32.632674297606656,0.02743089757037552
32.65348595213319,0.027430306015270852
32.67429760665972,0.027429711664744293
32.69510926118626,0.027429110831631173
32.71592091571279,0.027428502754586487
32.736732570239326,0.027427891768282326
32.757544224765866,0.027427273392521677
32.7783558792924,0.027426651749537023
32.79916753381893,0.027426023112637164
32.81997918834547,0.02742539065311881
32.840790842872,0.027424751235117405
32.861602497398536,0.027424105515186828
32.882414151925076,0.02742345831365045
32.90322580645161,0.027422802941219307
32.92403746097814,0.027422141756616
32.94484911550468,0.027421475765546162
32.965660770031214,0.027420804953566573
32.986472424557746,0.027420127147080718
33.00728407908428,0.027419446658728135
33.02809573361082,0.027418760568001403
33.04890738813735,0.027418069439470238
33.069719042663884,0.027417371670324174
33.090530697190424,0.027416669614700438
33.11134235171696,0.02741596211926533
33.13215400624349,0.02741525110252695
33.15296566077003,0.02741453466139768
33.17377731529656,0.027413812749721333
33.194588969823094,0.02741308516173815
33.215400624349634,0.027412354097978774
33.23621227887617,0.027411619929152736
33.2570239334027,0.027410879789375595
33.27783558792923,0.027410134901057166
33.29864724245577,0.027409386498890742
33.319458896982304,0.027408633706156503
33.34027055150884,0.027407875522856517
33.36108220603538,0.02740711201751728
33.38189386056191,0.0274063452200725
33.40270551508844,0.02740557402413394
33.42351716961498,0.027404798331553706
33.444328824141515,0.027404018891822618
33.46514047866805,0.027403234205497267
33.48595213319459,0.02740244429099535
33.50676378772112,0.027401649450627372
33.52757544224765,0.02740085233778191
33.548387096774185,0.027400050026776653
33.569198751300725,0.027399245443525653
33.59001040582726,0.027398436956463133
33.61082206035379,0.027397622986252177
33.63163371488033,0.027396805314948848
33.65244536940686,0.02739598144299297
33.673257023933395,0.027395153338938324
33.694068678459935,0.027394325330279273
33.71488033298647,0.027393492819694845
33.735691987513,0.027392654404773797
33.75650364203954,0.02739181105080731
33.77731529656607,0.027390965757437297
33.798126951092605,0.027390113740131956
33.81893860561914,0.027389259550321836
33.83975026014568,0.027388402912489857
33.86056191467221,0.027387540117202
33.88137356919874,0.027386673561283707
33.90218522372528,0.027385804316166034
33.922996878251816,0.027384929007595187
33.94380853277835,0.02738405051201866
33.96462018730489,0.027383167702774186
33.98543184183142,0.0273822816400903
34.00624349635795,0.027381391380851394
34.02705515088449,0.027380499216254205
34.047866805411026,0.027379602342296333
34.06867845993756,0.027378700278840203
34.08949011446409,0.02737779496276111
34.11030176899063,0.02737688831263988
34.131113423517164,0.027375975392445517
34.151925078043696,0.02737505860098649
34.172736732570236,0.027374140059352365
34.19354838709677,0.027373216359342485
34.2143600416233,0.02737228946671262
34.23517169614984,0.027371358665229245
34.255983350676374,0.027370425921474657
34.27679500520291,0.02736948722027706
34.297606659729446,0.027368546566635905
34.31841831425598,0.02736760377650779
34.33922996878251,0.02736665537219334
34.360041623309044,0.027365703410098887
34.380853277835584,0.02736474706343886
34.40166493236212,0.02736378817968083
34.42247658688865,0.02736282572220744
34.44328824141519,0.027361861262412444
34.46409989594172,0.027360893084837835
34.484911550468254,0.02735992148303618
34.505723204994794,0.027358946433967263
34.52653485952133,0.027357967835343812
34.54734651404786,0.0273569853292794
34.5681581685744,0.027355998254334355
34.58896982310093,0.027355010898168757
34.609781477627465,0.0273540212127894
34.630593132154004,0.02735302616004071
34.65140478668054,0.027352028836376246
34.67221644120707,0.027351027666011336
34.6930280957336,0.02735002589149204
34.71383975026014,0.027349019723782137
34.734651404786675,0.02734801168698068
34.75546305931321,0.027347000533554124
34.77627471383975,0.02734598713477075
34.79708636836628,0.02734497120398499
34.81789802289281,0.027343949040546857
34.83870967741935,0.027342925286433443
34.859521331945885,0.027341899766757712
34.88033298647242,0.027340870951895538
34.90114464099896,0.027339838887828587
34.92195629552549,0.027338803345329118
34.94276795005202,0.027337766415218276
34.963579604578555,0.027336724737781013
34.984391259105095,0.027335682075999426
35.00520291363163,0.027334634467745568
35.02601456815816,0.027333586157141664
35.0468262226847,0.027332532581748746
35.06763787721123,0.02733148016157771
35.088449531737766,0.027330424312511786
35.109261186264305,0.027329362956024665
35.13007284079084,0.027328301145214406
35.15088449531737,0.027327234342982606
35.17169614984391,0.02732616747707148
35.19250780437044,0.027325099237201958
35.213319458896976,0.02732402610705204
35.23413111342351,0.027322950335408828
35.25494276795005,0.02732187309885246
35.27575442247658,0.027320793828003065
35.29656607700311,0.02731971360152155
35.31737773152965,0.02731863043072817
35.338189386056186,0.027317542167593505
35.35900104058272,0.027316454088329514
35.37981269510926,0.027315363356423396
35.40062434963579,0.02731427047369169
35.421436004162324,0.02731317516289986
35.44224765868886,0.027312078510871047
35.463059313215396,0.027310980277223406
35.48387096774193,0.027309880298469345
35.50468262226846,0.02730877715671673
35.525494276795,0.027307673097316368
35.546305931321534,0.02730656839679031
35.56711758584807,0.027305461642717122
35.587929240374606,0.027304350714564735
35.60874089490114,0.027303238386524594
35.62955254942767,0.027302125490153883
35.65036420395421,0.02730101027949802
35.671175858480744,0.027299894900353595
35.69198751300728,0.02729877425543293
35.71279916753382,0.027297651519379133
35.73361082206035,0.027296529933930346
35.75442247658688,0.0272954043434875
35.775234131113415,0.0272942775255204
35.796045785639954,0.02729314890576598
35.81685744016649,0.027292017435705883
35.83766909469302,0.027290885187152142
35.85848074921956,0.027289753874762665
35.87929240374609,0.027288618659195314
35.900104058272625,0.027287481171028645
35.920915712799165,0.027286343618079145
35.9417273673257,0.02728520406674554
35.96253902185223,0.02728406573549031
35.98335067637877,0.02728292578600322
36.0041623309053,0.02728178402585913
36.024973985431835,0.02728063850776931
36.04578563995837,0.027279491837055726
36.06659729448491,0.02727834243333732
36.08740894901144,0.027277194781641343
36.10822060353797,0.027276045619273076
36.12903225806451,0.027274895527296335
36.149843912591045,0.02727374351984321
36.17065556711758,0.027272590653394553
36.19146722164412,0.02727143384480875
36.21227887617065,0.027270279130209907
36.23309053069718,0.027269121370270696
36.25390218522372,0.02726796176956247
36.274713839750255,0.027266801957894483
36.29552549427679,0.027265641911542543
36.31633714880332,0.027264481772533416
36.33714880332986,0.02726331958191947
36.35796045785639,0.02726215561879775
36.378772112382926,0.027260989174359256
36.399583766909466,0.027259822592581598
36.420395421436,0.027258654626485686
36.44120707596253,0.027257485464030177
36.46201873048907,0.027256313486475385
36.4828303850156,0.02725514120448167
36.503642039542136,0.027253970508454815
36.524453694068676,0.02725279628230529
36.54526534859521,0.02725162156087107
36.56607700312174,0.027250446180016038
36.58688865764828,0.027249269156666214
36.60770031217481,0.027248091419500343
36.628511966701346,0.027246909584918492
36.64932362122788,0.027245729145314142
36.67013527575442,0.027244547265457865
36.69094693028095,0.027243364076597228
36.711758584807484,0.027242181441360484
36.732570239334024,0.027240998454913127
36.753381893860556,0.02723981370526648
36.77419354838709,0.027238628275478155
36.79500520291363,0.02723744188163661
36.81581685744016,0.02723625438647649
36.836628511966694,0.027235064906760323
36.857440166493234,0.02723387608113682
36.87825182101977,0.02723268632420866
36.8990634755463,0.027231493169910203
36.91987513007283,0.02723030016304849
36.94068678459937,0.027229105939212045
36.961498439125904,0.02722791180338808
36.98231009365244,0.027226715346501867
37.00312174817898,0.027225520304927694
37.02393340270551,0.02722432247733213
37.04474505723204,0.027223122503549173
37.06555671175858,0.027221920714849464
37.086368366285114,0.027220720125851573
37.10718002081165,0.02721951730677593
37.12799167533819,0.027218312943563742
37.14880332986472,0.027217106282405503
37.16961498439125,0.02721589954971548
37.190426638917785,0.02721469448954172
37.211238293444325,0.02721348719330823
37.23204994797086,0.027212280225254883
37.25286160249739,0.027211072128864262
37.27367325702393,0.027209864182721238
37.29448491155046,0.02720865389182808
37.315296566076995,0.027207442920728218
37.336108220603535,0.027206230995793106
37.35691987513007,0.027205017936850717
37.3777315296566,0.027203803270918384
37.39854318418314,0.027202587898377803
37.41935483870967,0.02720137382682694
37.440166493236205,0.027200158407026467
37.46097814776274,0.027198942751904875
37.48178980228928,0.027197726557710807
37.50260145681581,0.027196509459608543
37.52341311134234,0.027195289872590865
37.54422476586888,0.027194070139247038
37.565036420395415,0.027192850902601054
37.58584807492195,0.027191629319825737
37.60665972944849,0.02719040897923533
37.62747138397502,0.027189186644452985
37.64828303850155,0.027187962930221597
37.66909469302809,0.027186739932544435
37.689906347554626,0.02718551666990953
37.71071800208116,0.027184292280283042
37.73152965660769,0.027183066576975796
37.75234131113423,0.02718184358329586
37.77315296566076,0.027180619106368063
37.793964620187296,0.027179392593680605
37.814776274713836,0.02717816752295683
37.83558792924037,0.027176940878323917
37.8563995837669,0.027175715054326702
37.87721123829344,0.027174489989137386
37.898022892819974,0.027173262563154645
37.918834547346506,0.027172037449999832
37.939646201873046,0.027170809080842528
37.96045785639958,0.027169583525121898
37.98126951092611,0.027168357945302264
38.002081165452644,0.02716712991707352
38.022892819979184,0.027165902549312303
38.04370447450572,0.02716467243034788
38.06451612903225,0.0271634447969137
38.08532778355879,0.02716221611297652
38.10613943808532,0.027160987262034714
38.126951092611854,0.027159760146311412
38.147762747138394,0.027158532163491747
38.16857440166493,0.027157305960078232
38.18938605619146,0.027156075812716157
38.210197710718,0.027154844449327396
38.23100936524453,0.027153614899491526
38.251821019771064,0.027152383560789417
38.272632674297604,0.027151152435481222
38.29344432882414,0.02714992269393168
38.31425598335067,0.027148692141885925
38.3350676378772,0.027147460803783188
38.35587929240374,0.02714623020124353
38.376690946930275,0.027144998052195973
38.39750260145681,0.027143765009928784
38.41831425598335,0.027142532267832843
38.43912591050988,0.02714130068768308
38.45993756503641,0.02714006789341095
38.48074921956295,0.027138835184790273
38.501560874089485,0.027137599582899352
38.52237252861602,0.027136363348340735
38.54318418314256,0.027135128588739517
38.56399583766909,0.027133892346859412
38.58480749219562,0.02713265814990207
38.605619146722155,0.027131423353316603
38.626430801248695,0.027130189358014298
38.64724245577523,0.02712895617079131
38.66805411030176,0.027127722205986627
38.6888657648283,0.027126484048303444
38.70967741935483,0.02712524779728093
38.730489073881365,0.027124012465003615
38.751300728407905,0.027122777554166012
38.77211238293444,0.027121541665693066
38.79292403746097,0.027120306289305014
38.81373569198751,0.027119070560683776
38.83454734651404,0.02711783217387816
38.855359001040576,0.027116594609256296
38.87617065556711,0.027115357456265237
38.89698231009365,0.027114119893356194
38.91779396462018,0.02711288157444664
38.93860561914671,0.027111643115702626
38.95941727367325,0.027110407750059223
38.980228928199786,0.027109169976850783
39.00104058272632,0.027107931262149634
39.02185223725286,0.027106694459576162
39.04266389177939,0.027105458973470026
39.063475546305924,0.027104223511566168
39.08428720083246,0.02710298662966257
39.105098855358996,0.02710174779996256
39.12591050988553,0.027100509036868465
39.14672216441206,0.027099271387429562
39.1675338189386,0.02709803385683911
39.188345473465134,0.027096796965077156
39.209157127991666,0.02709556115314288
39.229968782518206,0.02709432532738991
39.25078043704474,0.02709308874391477
39.27159209157127,0.02709185286790863
39.29240374609781,0.027090618185544275
39.313215400624344,0.027089382818628174
39.33402705515088,0.02708814812966812
39.354838709677416,0.0270869130634312
39.37565036420395,0.027085678430961553
39.39646201873048,0.027084443085452922
39.417273673257014,0.027083208257738085
39.438085327783554,0.027081973425601227
39.45889698231009,0.027080737316471856
39.47970863683662,0.027079502688924464
39.50052029136316,0.027078266015762045
39.52133194588969,0.02707703076956169
39.542143600416225,0.027075796007464063
39.562955254942764,0.027074561356238227
39.5837669094693,0.027073326035445572
39.60457856399583,0.027072090975006558
39.62539021852237,0.02707085669105956
39.6462018730489,0.02706962317695236
39.667013527575435,0.02706838760091348
39.68782518210197,0.027067152596307098
39.70863683662851,0.027065916860109413
39.72944849115504,0.02706468220461016
39.75026014568157,0.027063447158428414
39.77107180020811,0.02706221346658281
39.791883454734645,0.027060978349414996
39.81269510926118,0.027059741595949583
39.83350676378772,0.027058507428042593
39.85431841831425,0.027057274552130934
39.87513007284078,0.027056041148134292
39.89594172736732,0.027054806583676948
39.916753381893855,0.02705357355934343
39.93756503642039,0.027052339840183983
39.95837669094692,0.027051106264262697
39.97918834547346,0.02704987465158873
39.99999999999999,0.027048639879535177
40.020811654526526,0.02704740532919889
40.041623309053065,0.027046171910542947
40.0624349635796,0.027044938481393364
40.08324661810613,0.027043707553227547
40.10405827263267,0.02704247739665721
40.1248699271592,0.027041247444530875
40.145681581685736,0.027040015988381266
40.166493236212276,0.02703878538944035
40.18730489073881,0.02703755337828514
40.20811654526534,0.027036325406649138
40.22892819979188,0.0270350974496509
40.24973985431841,0.027033867817184806
40.270551508844946,0.02703263807835285
40.29136316337148,0.0270314080390303
40.31217481789802,0.02703017875813684
40.33298647242455,0.02702895074569779
40.353798126951084,0.027027722044901017
40.37460978147762,0.027026494228439932
40.395421436004156,0.0270252675746599
40.41623309053069,0.02702404161213207
40.43704474505723,0.02702281549149414
40.45785639958376,0.027021589643262463
40.478668054110294,0.027020362329019762
40.499479708636834,0.027019135962619255
40.520291363163366,0.027017910641771246
40.5411030176899,0.02701668653342366
40.56191467221643,0.027015460769915484
40.58272632674297,0.02701423625314184
40.603537981269504,0.027013012132113413
40.62434963579604,0.02701179001495504
40.64516129032258,0.02701056660156159
40.66597294484911,0.027009346073432465
40.68678459937564,0.027008126531073155
40.70759625390218,0.027006906477795477
40.728407908428714,0.027005688055372973
40.74921956295525,0.027004471683572288
40.77003121748179,0.02700325284223891
40.79084287200832,0.027002037815269442
40.81165452653485,0.02700082152049196
40.832466181061385,0.026999606378649097
40.853277835587924,0.026998389965268238
40.87408949011446,0.02699717520610699
40.89490114464099,0.026995960504801186
40.91571279916753,0.02699474959793771
40.93652445369406,0.026993537204941884
40.957336108220595,0.02699232719583255
40.978147762747135,0.026991117747879326
40.99895941727367,0.02698990639454792
41.0197710718002,0.026988699033025983
41.04058272632674,0.026987491989239075
41.06139438085327,0.02698628385775421
41.082206035379805,0.026985078897293454
41.10301768990634,0.026983874910331294
41.12382934443288,0.026982670335192104
41.14464099895941,0.026981467830381967
41.16545265348594,0.026980266634006725
41.18626430801248,0.02697906456833585
41.207075962539015,0.026977863084844685
41.22788761706555,0.02697666194903387
41.24869927159209,0.026975460962545363
41.26951092611862,0.02697426135961089
41.29032258064515,0.026973061091214546
41.31113423517169,0.02697186398920661
41.331945889698225,0.02697066731745768
41.35275754422476,0.026969469922474055
41.37356919875129,0.026968275941084398
41.39438085327783,0.02696707976175056
41.41519250780436,0.026965885407681238
41.436004162330896,0.026964692779298728
41.456815816857436,0.026963500844054945
41.47762747138397,0.026962306930694548
41.4984391259105,0.0269611163686884
41.51925078043704,0.026959925005930856
41.54006243496357,0.026958735251768944
41.560874089490106,0.026957545762089783
41.581685744016646,0.026956356565621988
41.60249739854318,0.026955167360492305
41.62330905306971,0.02695397776735166
