bank,peak_heat,thermal_load,dwell,miss_traj,miss_t2,peak_ne
#units,deg,W/m2,J/m2,s,m,m,m^-3
7.5,2542795.400653657,17789948.985311728,9.99999999999998,9.80026054592798,1.319090595827292,79447648671800540000
8,2542823.379809086,17790019.97670911,9.99999999999998,8.500741152953129,1.319090595827292,79450625404030260000
8.5,2542853.152553155,17790095.51838564,9.99999999999998,7.226538399546232,1.319090595827292,79453792981015450000
9,2542884.7167250584,17790175.604750317,9.99999999999998,5.993950536328783,1.319090595827292,79457151176801440000
9.5,2542918.0700402255,17790260.229904175,9.99999999999998,4.83504335447578,1.319090595827292,79460699753054520000
10,2542953.210079924,17790349.387579452,9.99999999999998,3.8176522707464,1.319090595827292,79464438456503710000
10.5,2542990.134309147,17790443.071230467,9.99999999999998,3.085230397618846,1.319090595827292,79468367023197110000
11,2543028.8400409073,17790541.273903977,9.99999999999998,2.8654193126167558,1.319090595827292,79472485171849150000
11.5,2543069.3244673833,17790643.988312814,9.99999999999998,3.2635232922352753,1.319090595827292,79476792609623080000
12,2543111.584661734,17790751.206919346,9.99999999999998,4.103463076561575,1.319090595827292,79481289030614430000
12.5,2543155.61755498,17790862.921760622,9.99999999999998,5.174332480032302,1.319090595827292,79485974114171290000
