d_temp,draw,onset,exit,dwell,drift_max,terminal
#units,K,-,s,s,s,m,m
0,0,13.100000000000001,68.7,55.70000000000052,42.086538749271035,0.10516924195782207
0,1,13.100000000000001,68.7,55.70000000000052,40.3397836864613,0.13479017563006018
0,2,13.100000000000001,68.7,55.70000000000052,43.38997809878858,0.10071988037860569
0,3,13.100000000000001,68.7,55.70000000000052,41.5363537616417,0.19479372578923254
0,4,13.100000000000001,68.7,55.70000000000052,44.742293919704316,0.08890637365592959
0,5,13.100000000000001,68.7,55.70000000000052,39.04682500873283,0.19210634612337749
0,6,13.100000000000001,68.7,55.70000000000052,42.36278773429718,0.10372421796851494
0,7,13.100000000000001,68.7,55.70000000000052,39.309379148054916,0.14520645060493975
20,0,13.600000000000001,69,55.50000000000052,47.15382048504876,0.09217976981476757
20,1,13.600000000000001,69,55.50000000000052,49.18854063450627,0.14122705138418973
20,2,13.600000000000001,69,55.50000000000052,53.52937629850848,0.12381193202398741
20,3,13.600000000000001,69,55.50000000000052,45.767772018149394,0.2115722017568463
20,4,13.600000000000001,69,55.50000000000052,48.846627235266546,0.08826262629337332
20,5,13.600000000000001,69,55.50000000000052,49.701118861766844,0.21101089698400471
20,6,13.600000000000001,69,55.50000000000052,48.31454497834305,0.12130394842754887
20,7,13.600000000000001,69,55.50000000000052,46.58678470304339,0.14124666995435906
-25,0,12.8,68.60000000000001,55.900000000000524,47.82850573419736,0.09668600736337425
-25,1,12.8,68.60000000000001,55.900000000000524,54.16048853379117,0.13161798079066878
-25,2,12.8,68.60000000000001,55.900000000000524,50.681255223496755,0.10845448340101672
-25,3,12.8,68.60000000000001,55.900000000000524,47.02297843669752,0.20639125010119524
-25,4,12.8,68.60000000000001,55.900000000000524,53.971534921877264,0.07380731967631188
-25,5,12.8,68.60000000000001,55.900000000000524,48.57237091732603,0.20011838135217117
-25,6,12.8,68.60000000000001,55.900000000000524,49.42575346949112,0.11211998466070536
-25,7,12.8,68.60000000000001,55.900000000000524,53.79797957024351,0.1297979511334588
-40,0,12.4,68.4,56.10000000000053,55.550169126923656,0.09632209644624741
-40,1,12.4,68.4,56.10000000000053,60.23323342374263,0.17089002348554405
-40,2,12.4,68.4,56.10000000000053,62.7909692533327,0.12954461518551025
-40,3,12.4,68.4,56.10000000000053,56.28158601165469,0.20321001851247836
-40,4,12.4,68.4,56.10000000000053,58.56171470551841,0.1135239074202061
-40,5,12.4,68.4,56.10000000000053,58.96687890346271,0.2188525242135241
-40,6,12.4,68.4,56.10000000000053,57.88446660449097,0.1100627223668709
-40,7,12.4,68.4,56.10000000000053,59.41035930179833,0.16380514847496694
-5,0,14.600000000000001,69.5,55.00000000000051,41.821512223606106,0.12036926272887268
-5,1,14.600000000000001,69.5,55.00000000000051,41.403270344010316,0.15714341890855898
-5,2,14.600000000000001,69.5,55.00000000000051,43.71225876184912,0.10103209125238145
-5,3,14.600000000000001,69.5,55.00000000000051,40.191841944221956,0.18840781711539223
-5,4,14.600000000000001,69.5,55.00000000000051,40.53957117964098,0.09635319641082998
-5,5,14.600000000000001,69.5,55.00000000000051,37.40727127945952,0.18213239300505712
-5,6,14.600000000000001,69.5,55.00000000000051,42.25286839122265,0.09248855105442864
-5,7,14.600000000000001,69.5,55.00000000000051,42.87345900794613,0.15226268908830895
5,0,12.100000000000001,68.10000000000001,56.10000000000053,43.88271549896796,0.1105552043032583
5,1,12.100000000000001,68.10000000000001,56.10000000000053,43.51772086301429,0.16410427987324924
5,2,12.100000000000001,68.10000000000001,56.10000000000053,45.20685960725908,0.10912047256707968
5,3,12.100000000000001,68.10000000000001,56.10000000000053,39.57519891760377,0.19444530900771187
5,4,12.100000000000001,68.10000000000001,56.10000000000053,43.09794812738335,0.1008755626506027
5,5,12.100000000000001,68.10000000000001,56.10000000000053,43.72949161737344,0.20671077468622695
5,6,12.100000000000001,68.10000000000001,56.10000000000053,43.74588992086495,0.08883410672652871
5,7,12.100000000000001,68.10000000000001,56.10000000000053,41.66951273270928,0.15415221553660385
