commanded_throttle,t,altitude,mach,throttle,axial_accel,preserved_drag,dv_actual,dv_frozen,propellant
#units,-,s,m,-,-,m/s2,- (NaN: no decrement applied),m/s,m/s,kg
0,224.5,32656.422567712143,1.9905931807457082,0.7150550879062273,14.605483594840406,-0.009641303051281504,7588.582588191836,1.4614567101783524,2196.377422060783
0,224.60000000000002,32637.18657976482,1.9868503980815415,0,12.837552314726114,NaN,7589.8663434233085,1.4492027185939074,2196.377422060783
0,224.70000000000002,32617.936761656776,1.9837317391207228,0,12.81232321241027,NaN,7591.14757574455,1.4369728092643876,2196.377422060783
0,224.8,32598.670082260855,1.980624427930864,0,12.787214488705466,NaN,7592.42629719342,1.4247668672832714,2196.377422060783
0,224.9,32579.386482157744,1.9775284326371063,0,12.762225758903192,NaN,7593.702519769311,1.4125847781112575,2196.377422060783
0,225,32560.08590247482,1.9744437214485782,0,12.737356638946277,NaN,7594.976255433206,1.4004264275756435,2196.377422060783
0,225.10000000000002,32540.76828489825,1.9713702626579532,0,12.712606745427173,NaN,7596.247516107748,1.388291701869706,2196.377422060783
0,225.20000000000002,32521.433571664616,1.9683080246412505,0,12.687975695605086,NaN,7597.516313677309,1.376180487552064,2196.377422060783
0,225.3,32502.0817055488,1.965256975857676,0,12.663463107426194,NaN,7598.782659988052,1.3640926715460233,2196.377422060783
0,225.4,32482.712629881687,1.9622170848490978,0,12.639068599515946,NaN,7600.046566848004,1.3520281411389277,2196.377422060783
0,225.5,32463.326288530603,1.959188320239973,0,12.614791791205612,NaN,7601.308046027124,1.3399867839814859,2196.377422060783
0,225.60000000000002,32443.92262590397,1.9561706507369685,0,12.590632302536015,NaN,7602.5671092573775,1.3279684880870934,2196.377422060783
0,225.70000000000002,32424.501586952247,1.95316404512863,0,12.566589754264616,NaN,7603.823768232804,1.3159731418311496,2196.377422060783
0,225.8,32405.063117163256,1.9501684722851167,0,12.542663767877414,NaN,7605.078034609592,1.304000633950361,2196.377422060783
0,225.9,32385.607162557542,1.9471839011579242,0,12.518853965600453,NaN,7606.329920006152,1.2920508535420356,2196.377422060783
0,226,32366.13366969023,1.9442103007795322,0,12.495159970405219,NaN,7607.579436003192,1.2801236900633715,2196.377422060783
0,226.10000000000002,32346.642585650086,1.9412476402630792,0,12.47158140601635,NaN,7608.826594143794,1.2682190333307373,2196.377422060783
0,226.20000000000002,32327.13385805115,1.9382958888021231,0,12.448117896925694,NaN,7610.071405933487,1.2563367735189406,2196.377422060783
0,226.3,32307.60743503552,1.9353550156702684,0,12.424769068396184,NaN,7611.313882840326,1.2444768011604912,2196.377422060783
0,226.4,32288.063265272416,1.9324249902208284,0,12.401534546468667,NaN,7612.554036294973,1.2326390071448587,2196.377422060783
0,226.5,32268.501297948882,1.9295057818865902,0,12.378413957976107,NaN,7613.791877690771,1.2208232827177172,2196.377422060783
0,226.60000000000002,32248.92148278095,1.9265973601793311,0,12.355406930539228,NaN,7615.027418383825,1.209029519480192,2196.377422060783
0,226.70000000000002,32229.323769996874,1.9236996946896614,0,12.332513092586765,NaN,7616.260669693083,1.1972576093880896,2196.377422060783
0,226.8,32209.708110343665,1.9208127550865932,0,12.309732073354828,NaN,7617.491642900419,1.185507444751126,2196.377422060783
0,226.9,32190.074455083348,1.9179365111172222,0,12.287063502895048,NaN,7618.720349250709,1.1737789182321492,2196.377422060783
0,227,32170.422755995765,1.9150709326063362,0,12.264507012076958,NaN,7619.946799951917,1.1620719228463574,2196.377422060783
0,227.10000000000002,32150.75296536833,1.912215989456172,0,12.242062232601404,NaN,7621.171006175176,1.1503863519605064,2196.377422060783
0,227.20000000000002,32131.065036000684,1.9093716516459933,0,12.21972879700075,NaN,7622.392979054876,1.1387220992921157,2196.377422060783
0,227.3,32111.358921193518,1.9065378892318536,0,12.197506338652666,NaN,7623.612729688742,1.1270790589086612,2196.377422060783
0,227.4,32091.634574761614,1.9037146723460723,0,12.1753944917727,NaN,7624.830269137919,1.1154571252267758,2196.377422060783
0,227.5,32071.891951018013,1.9009019711970505,0,12.153392891431656,NaN,7626.045608427062,1.1038561930114326,2196.377422060783
0,227.60000000000002,32052.13100477867,1.898099756068839,0,12.131501173555023,NaN,7627.258758544417,1.0922761573751298,2196.377422060783
0,227.70000000000002,32032.351691358723,1.8953079973208082,0,12.109718974929482,NaN,7628.46973044191,1.080716913777068,2196.377422060783
0,227.8,32012.553966570646,1.8925266653872894,0,12.088045933207557,NaN,7629.67853503523,1.069178358022324,2196.377422060783
0,227.9,31992.737786726095,1.889755730777174,0,12.06648168690894,NaN,7630.885183203921,1.0576603862610228,2196.377422060783
0,228,31972.903108632192,1.8869951640735787,0,12.045025875426491,NaN,7632.089685791463,1.0461628949875044,2196.377422060783
0,228.10000000000002,31953.04988958221,1.8842449359335705,0,12.023678139036594,NaN,7633.292053605367,1.0346857810394803,2196.377422060783
0,228.20000000000002,31933.178087368608,1.881505017087628,0,12.002438118890533,NaN,7634.492297417256,1.0232289415971987,2196.377422060783
0,228.3,31913.287660262547,1.8787753783394983,0,11.981305457033958,NaN,7635.690427962959,1.0117922741825902,2196.377422060783
0,228.4,31893.378567033447,1.8760559905655798,0,11.96027979639251,NaN,7636.886455942598,1.0003756766584282,2196.377422060783
0,228.5,31873.450766921975,1.8733468247148526,0,11.939360780796289,NaN,7638.080392020678,0.9889790472274654,2196.377422060783
0,228.60000000000002,31853.50421966426,1.8706478518082026,0,11.91854805496132,NaN,7639.2722468261745,0.9776022844315885,2196.377422060783
0,228.70000000000002,31833.538885472342,1.8679590429382638,0,11.897841264507445,NaN,7640.462030952625,0.9662452871509547,2196.377422060783
0,228.8,31813.554725037888,1.8652803692689832,0,11.877240055956603,NaN,7641.649754958221,0.9549079546031316,2196.377422060783
0,228.9,31793.551699532196,1.8626118020352291,0,11.85674407673405,NaN,7642.835429365894,0.9435901863422341,2196.377422060783
0,229,31773.529770599678,1.8599533125424719,0,11.836352975174837,NaN,7644.019064663412,0.9322918822580565,2196.377422060783
0,229.10000000000002,31753.488900365308,1.8573048721663106,0,11.81606640051867,NaN,7645.200671303463,0.9210129425752086,2196.377422060783
0,229.20000000000002,31733.42905141972,1.8546664523522463,0,11.79588400292289,NaN,7646.380259703756,0.9097532678522401,2196.377422060783
0,229.3,31713.35018682666,1.8520380246152048,0,11.77580543345702,NaN,7647.557840247101,0.8985127589807695,2196.377422060783
0,229.4,31693.252270120196,1.8494195605391737,0,11.755830344105632,NaN,7648.733423281512,0.8872913171846113,2196.377422060783
0,229.5,31673.135265298188,1.84681103177688,0,11.735958387773927,NaN,7649.907019120289,0.8760888440188964,2196.377422060783
0,229.60000000000002,31652.999136828817,1.8442124100493262,0,11.716189218282814,NaN,7651.078638042118,0.8649052413691987,2196.377422060783
0,229.70000000000002,31632.84384964034,1.8416236671455053,0,11.696522490377237,NaN,7652.248290291155,0.8537404114506525,2196.377422060783
0,229.8,31612.669369123876,1.8390447749219785,0,11.67695785972397,NaN,7653.415986077128,0.8425942568070731,2196.377422060783
0,229.9,31592.475661130622,1.8364757053025071,0,11.657494982913644,NaN,7654.581735575419,0.8314666803100746,2196.377422060783
0,230,31572.262691969983,1.8339164302776803,0,11.638133517462052,NaN,7655.745548927165,0.8203575851581869,2196.377422060783
0,230.10000000000002,31552.03042841237,1.8313669219044886,0,11.618873121807596,NaN,7656.907436239346,0.809266874875975,2196.377422060783
0,230.20000000000002,31531.778837673366,1.8288271523061055,0,11.599713455323213,NaN,7658.067407584878,0.7981944533131471,2196.377422060783
0,230.3,31511.507887433283,1.8262970936712712,0,11.580654178300456,NaN,7659.225473002708,0.7871402246436774,2196.377422060783
0,230.4,31491.2175458204,1.823776718254087,0,11.561694951961925,NaN,7660.381642497904,0.7761040933649177,2196.377422060783
0,230.5,31470.9077814091,1.8212659983736421,0,11.542835438461953,NaN,7661.53592604175,0.7650859642967079,2196.377422060783
0,230.60000000000002,31450.57856322266,1.8187649064135845,0,11.524075300883357,NaN,7662.6883335718385,0.7540857425804898,2196.377422060783
0,230.70000000000002,31430.22986073699,1.8162734148216868,0,11.505414203233624,NaN,7663.838874992161,0.7431033336784242,2196.377422060783
0,230.8,31409.86164386291,1.8137914961096506,0,11.486851810457466,NaN,7664.987560173207,0.7321386433724967,2196.377422060783
0,230.9,31389.473882966675,1.8113191228524823,0,11.468387788419708,NaN,7666.134398952049,0.7211915777636391,2196.377422060783
0,231,31369.066548849456,1.8088562676883309,0,11.450021803919807,NaN,7667.279401132441,0.7102620432708373,2196.377422060783
0,231.10000000000002,31348.63961275015,1.806402903318064,0,11.431753524688258,NaN,7668.42257648491,0.6993499466302426,2196.377422060783
0,231.20000000000002,31328.193046352826,1.8039590025047922,0,11.41358261937927,NaN,7669.563934746848,0.6884551948942902,2196.377422060783
0,231.3,31307.726821773686,1.8015245380736236,0,11.395508757579224,NaN,7670.7034856226055,0.6775776954308089,2196.377422060783
0,231.4,31287.240911567584,1.7990994829112017,0,11.377531609799929,NaN,7671.841238783585,0.6667173559221382,2196.377422060783
0,231.5,31266.73528871592,1.7966838099654487,0,11.359650847486026,NaN,7672.977203868334,0.6558740843642378,2196.377422060783
0,231.60000000000002,31246.209926638752,1.7942774922450457,0,11.341866143003898,NaN,7674.111390482634,0.6450477890658074,2196.377422060783
0,231.70000000000002,31225.664799188264,1.7918805028191116,0,11.32417716964468,NaN,7675.243808199599,0.6342383786474046,2196.377422060783
0,231.8,31205.09988063574,1.7894928148169675,0,11.306583601631992,NaN,7676.374466559762,0.6234457620405542,2196.377422060783
0,231.9,31184.51514568925,1.7871144014275502,0,11.289085114106493,NaN,7677.503375071173,0.6126698484868732,2196.377422060783
0,232,31163.910569475964,1.7847452358992248,0,11.271681383136936,NaN,7678.630543209487,0.6019105475371849,2196.377422060783
0,232.10000000000002,31143.28612755332,1.7823852915392766,0,11.254372085709539,NaN,7679.755980418058,0.5911677690506427,2196.377422060783
0,232.20000000000002,31122.64179589227,1.780034541713716,0,11.237156899738075,NaN,7680.8796961080325,0.5804414231938455,2196.377422060783
0,232.3,31101.977550896816,1.7776929598466775,0,11.220035504046896,NaN,7682.001699658437,0.5697314204399678,2196.377422060783
0,232.4,31081.293369378895,1.7753605194203212,0,11.203007578387137,NaN,7683.122000416276,0.5590376715678753,2196.377422060783
0,232.5,31060.58922857046,1.773037193974316,0,11.186072803425002,NaN,7684.240607696618,0.5483600876612515,2196.377422060783
0,232.60000000000002,31039.865106125362,1.7707229571054437,0,11.1692308607379,NaN,7685.357530782692,0.537698580107728,2196.377422060783
0,232.70000000000002,31019.120980107225,1.768417782467357,0,11.152481432820554,NaN,7686.472778925974,0.5270530605980083,2196.377422060783
0,232.8,30998.356828994118,1.7661216437701512,0,11.135824203078815,NaN,7687.586361346282,0.5164234411249989,2196.377422060783
0,232.9,30977.57263167482,1.7638345147800334,0,11.119258855829532,NaN,7688.698287231865,0.5058096339829394,2196.377422060783
0,233,30956.76836744882,1.7615563693189487,0,11.102785076297625,NaN,7689.808565739495,0.49521155176653553,2196.377422060783
0,233.10000000000002,30935.944016027264,1.7592871812642021,0,11.086402550612473,NaN,7690.917205994556,0.48462910737009574,2196.377422060783
0,233.20000000000002,30915.09955751989,1.7570269245482304,0,11.070110965814314,NaN,7692.024217091137,0.47406221398666215,2196.377422060783
0,233.3,30894.234972450882,1.754775573158062,0,11.05391000983969,NaN,7693.129608092121,0.46351078510715465,2196.377422060783
0,233.4,30873.35024174396,1.7525331011351137,0,11.037799371529074,NaN,7694.233388029274,0.4529747345195083,2196.377422060783
0,233.5,30852.445346724242,1.7502994825748077,0,11.021778740622327,NaN,7695.335565903336,0.44245397630781463,2196.377422060783
0,233.60000000000002,30831.520269123837,1.7480746916261487,0,11.005847807751447,NaN,7696.436150684111,0.4319484248514701,2196.377422060783
0,233.70000000000002,30810.57499106601,1.745858702491532,0,10.990006264448573,NaN,7697.535151310556,0.421457994824317,2196.377422060783
0,233.8,30789.609495078214,1.7436514894262471,0,10.97425380313334,NaN,7698.632576690869,0.4109826011937961,2196.377422060783
0,233.9,30768.623764079064,1.741453026738261,0,10.958590117118764,NaN,7699.728435702581,0.40052215922009404,2196.377422060783
0,234,30747.617781388573,1.7392632887877504,0,10.943014900600474,NaN,7700.822737192641,0.39007658445530086,2196.377422060783
0,234.10000000000002,30726.59153071884,1.7370822499868523,0,10.92752784865992,NaN,7701.915489977508,0.3796457927425642,2196.377422060783
0,234.20000000000002,30705.54499617126,1.7349098847993412,0,10.912128657262734,NaN,7703.006702843234,0.36922970021524565,2196.377422060783
0,234.3,30684.478162237443,1.7327461677402693,0,10.896817023254474,NaN,7704.09638454556,0.3588282232960805,2196.377422060783
0,234.4,30663.391013803892,1.7305910733755694,0,10.881592644353791,NaN,7705.184543809995,0.3484412786963446,2196.377422060783
0,234.5,30642.283536138944,1.7284445763218512,0,10.866455219157874,NaN,7706.271189331911,0.3380687834150157,2196.377422060783
0,234.60000000000002,30621.155714900233,1.7263066512459755,0,10.851404447133525,NaN,7707.356329776624,0.32771065473794303,2196.377422060783
0,234.70000000000002,30600.007536129095,1.7241772728647733,0,10.836440028617314,NaN,7708.439973779486,0.31736681023701774,2196.377422060783
0,234.8,30578.838986251503,1.7220564159447,0,10.821561664811208,NaN,7709.522129945966,0.30703716776934614,2196.377422060783
0,234.9,30557.650052076206,1.7199440553015137,0,10.806769057780006,NaN,7710.602806851744,0.2967216454764266,2196.377422060783
0,235,30536.44072079193,1.7178401657999738,0,10.792061910449435,NaN,7711.68201304279,0.28642016178332746,2196.377422060783
0,235.10000000000002,30515.210979963653,1.7157447223535456,0,10.777439926604838,NaN,7712.75975703545,0.27613263539786664,2196.377422060783
0,235.20000000000002,30493.96081753727,1.7136576999240214,0,10.762902810884041,NaN,7713.8360473165385,0.26585898530979785,2196.377422060783
0,235.3,30472.69022183679,1.7115790735212213,0,10.748450268775372,NaN,7714.910892343416,0.25559913078999874,2196.377422060783
0,235.4,30451.399181559682,1.7095088182027185,0,10.734082006616868,NaN,7715.984300544078,0.24535299138965985,2196.377422060783
0,235.5,30430.08768577315,1.7074469090735531,0,10.719797731594767,NaN,7717.056280317238,0.23512048693947496,2196.377422060783
0,235.60000000000002,30408.75572391972,1.705393321285852,0,10.70559715173571,NaN,7718.126840032412,0.2249015375488389,2196.377422060783
0,235.70000000000002,30387.403285819106,1.703348030038491,0,10.691479975901466,NaN,7719.195988030002,0.21469606360505034,2196.377422060783
0,235.8,30366.03036165051,1.701311010576964,0,10.677445913796785,NaN,7720.263732621382,0.20450398577250714,2196.377422060783
0,235.9,30344.636941964738,1.699282238192941,0,10.663494675957084,NaN,7721.330082088977,0.1943252249919135,2196.377422060783
0,236,30323.22301768232,1.697261688223978,0,10.649625973745678,NaN,7722.395044686352,0.1841597024794896,2196.377422060783
0,236.10000000000002,30301.78858008329,1.6952493360533114,0,10.635839519356384,NaN,7723.458628638287,0.17400733972617896,2196.377422060783
0,236.20000000000002,30280.333620819263,1.6932451571094271,0,10.622135025801356,NaN,7724.520842140868,0.16386805849686725,2196.377422060783
0,236.3,30258.858131898567,1.6912491268659116,0,10.6085122069168,NaN,7725.58169336156,0.15374178082959566,2196.377422060783
0,236.4,30237.362105696462,1.6892612208410398,0,10.594970777351936,NaN,7726.641190439295,0.1436284290347849,2196.377422060783
0.2,224.5,32656.422567712143,1.9905931807457082,0.7150550879062273,14.605483594840406,-0.009641303051281504,7588.582588191836,1.4614567101783524,2196.377422060783
0.2,224.60000000000002,32637.18657976482,1.9868503980815415,0.2,7.1846551966805485,0.23856699301095563,7589.301053711504,1.8614680625380449,2195.8711799692337
0.2,224.70000000000002,32617.927135230973,1.9857201630478054,0.2,7.1857462550931865,0.23859525827455164,7590.019628337013,2.26154042793329,2195.3649378776845
0.2,224.8,32598.631633682176,1.9845927045655574,0.2,7.186867521810427,0.23862530204609578,7590.738315089195,2.6616737960361063,2194.8586957861353
0.2,224.9,32579.300129293464,1.9834680109130116,0.2,7.188018785140904,0.23865711134636114,7591.457116967708,3.061868156728863,2194.352453694586
0.2,225,32559.932676398195,1.982346070424457,0.2,7.189199834317147,0.23869067323045012,7592.17603695114,3.462123500103399,2193.846211603037
0.2,225.10000000000002,32540.52932949271,1.9812268714899266,0.2,7.19041045948572,0.23872597478778024,7592.895077997089,3.86243981646016,2193.3399695114877
0.2,225.20000000000002,32521.090143218637,1.980110402555144,0.2,7.191650451718523,0.23876300314331622,7593.6142430422615,4.262817096307317,2192.8337274199384
0.2,225.3,32501.6151723871,1.9789966521209594,0.2,7.1929196029846985,0.23880174545646005,7594.33353500256,4.663255330359915,2192.3274853283892
0.2,225.4,32482.10447195638,1.977885608743357,0.2,7.194217706166377,0.23884218892253206,7595.052956773176,5.063754509539008,2191.82124323684
0.2,225.5,32462.55809704028,1.9767772610330865,0.2,7.195544555045519,0.23888432077253152,7595.772511228681,5.464314624970804,2191.315001145291
0.2,225.60000000000002,32442.976102910005,1.9756715976553774,0.2,7.196899944297051,0.23892812827326337,7596.492201223111,5.864935667985818,2190.8087590537416
0.2,225.70000000000002,32423.35854498204,1.9745686073298252,0.2,7.1982836694949555,0.23897359872822665,7597.21202959006,6.265617630118018,2190.3025169621924
0.2,225.8,32403.7054788284,1.9734682788300053,0.2,7.1996955270976475,0.23902071947726622,7597.93199914277,6.666360503103987,2189.796274870643
0.2,225.9,32384.016960172914,1.9723706009832616,0.2,7.201135314446391,0.2390694778969913,7598.652112674215,7.0671642788820845,2189.290032779094
0.2,226,32364.293044888414,1.9712755626704828,0.2,7.20260282976286,0.2391198614011375,7599.372372957191,7.468028949591611,2188.7837906875448
0.2,226.10000000000002,32344.533788992092,1.970183152825903,0.2,7.2040978721484485,0.23917185744102443,7600.092782744406,7.8689545075719725,2188.2775485959955
0.2,226.20000000000002,32324.739248655736,1.9690933604367222,0.2,7.205620241569884,0.23922545350519397,7600.813344768562,8.269940945361862,2187.7713065044463
0.2,226.3,32304.909480191767,1.968006174543028,0.2,7.20716973886724,0.23928063712037195,7601.534061742449,8.670988255698429,2187.265064412897
0.2,226.4,32285.04454005789,1.966921584237481,0.2,7.208746165744703,0.23933739585139813,7602.254936359023,9.072096431516458,2186.758822321348
0.2,226.5,32265.14448486734,1.9658395786649487,0.2,7.210349324756438,0.23939571730086084,7602.975971291499,9.473265465947566,2186.2525802297987
0.2,226.60000000000002,32245.2093713684,1.9647601470225007,0.2,7.211979019320562,0.239455589110391,7603.697169193431,9.874495352319382,2185.7463381382495
0.2,226.70000000000002,32225.23925645277,1.963683278559064,0.2,7.213635053706773,0.23951699896038647,7604.418532698802,10.275786084154733,2185.2400960467003
0.2,226.8,32205.234197151847,1.9626089625752206,0.2,7.215317233034987,0.2395799345703833,7605.140064422105,10.67713765517085,2184.733853955151
0.2,226.9,32185.194250651635,1.961537188422784,0.2,7.217025363257058,0.23964438369842023,7605.861766958431,11.078550059278562,2184.227611863602
0.2,227,32165.119474260136,1.9604679455049527,0.2,7.218759251181981,0.23971033414296883,7606.583642883549,11.480023290581501,2183.7213697720526
0.2,227.10000000000002,32145.009925439954,1.9594012232756735,0.2,7.2205187044415124,0.2397777737413308,7607.3056947539935,11.88155734337531,2183.2151276805034
0.2,227.20000000000002,32124.865661785007,1.9583370112396858,0.2,7.222303531506869,0.23984669037105388,7608.027925107144,12.283152212146845,2182.708885588954
0.2,227.3,32104.68674102705,1.957275298952202,0.2,7.22411354167823,0.23991707194972955,7608.750336461312,12.6848078915734,2182.202643497405
0.2,227.4,32084.473221035674,1.956216076018673,0.2,7.225948545080296,0.2399889064351448,7609.4729313158205,13.086524376521913,2181.696401405856
0.2,227.5,32064.225159815513,1.9551593320945857,0.2,7.227808352660354,0.2400621818255746,7610.195712151087,13.488301662048196,2181.1901593143066
0.2,227.60000000000002,32043.942615509965,1.9541050568851848,0.2,7.229692776180517,0.24013688615972573,7610.918681428705,13.890139743396153,2180.6839172227574
0.2,227.70000000000002,32023.62564639002,1.953053240145374,0.2,7.231601628223459,0.24021300751746932,7611.641841591528,14.29203861599701,2180.177675131208
0.2,227.8,32003.274310862646,1.952003871679384,0.2,7.23353472218046,0.24029053401952605,7612.365195063746,14.693998275468541,2179.671433039659
0.2,227.9,31982.888667469844,1.9509569413405536,0.2,7.235491872247961,0.24036945382764363,7613.088744250971,15.096018717614308,2179.1651909481097
0.2,228,31962.468774880283,1.9499124390312037,0.2,7.237472893430908,0.24044975514517297,7613.812491540314,15.498099938422898,2178.6589488565605
0.2,228.10000000000002,31942.01469189301,1.948870354702361,0.2,7.239477601535053,0.24053142621698442,7614.5364393004675,15.900241934067155,2178.1527067650113
0.2,228.20000000000002,31921.52647744119,1.9478306783534909,0.2,7.241505813159449,0.24061445532939119,7615.260589881784,16.302444700903436,2177.646464673462
0.2,228.3,31901.004190582782,1.946793400032382,0.2,7.243557345700658,0.24069883081075627,7615.984945616354,16.70470823547085,2177.140222581913
0.2,228.4,31880.4478905024,1.9457585098349024,0.2,7.2456320173469155,0.24078454103150326,7616.709508818089,17.10703253449051,2176.6339804903637
0.2,228.5,31859.857636512257,1.9447259979047629,0.2,7.247729647073188,0.24087157440417217,7617.434281782796,17.509417594864782,2176.1277383988145
0.2,228.60000000000002,31839.233488053083,1.9436958544332874,0.2,7.249850054636241,0.24095991938347272,7618.15926678826,17.911863413676553,2175.6214963072653
0.2,228.70000000000002,31818.575504682958,1.9426680696593255,0.2,7.251993060580632,0.2410495644669729,7618.884466094318,18.314369988188478,2175.115254215716
0.2,228.8,31797.883746088482,1.9416426338688986,0.2,7.25415848622463,0.24114049819460215,7619.60988194294,18.716937315842245,2174.609012124167
0.2,228.9,31777.15827208385,1.9406195373949948,0.2,7.256346153657148,0.2412327091487957,7620.335516558305,19.119565394257844,2174.1027700326176
0.2,229,31756.399142597802,1.9395987706175108,0.2,7.258555885745401,0.241326185955267,7621.06137214688,19.52225422123284,2173.5965279410684
0.2,229.10000000000002,31735.606417682022,1.9385803239629307,0.2,7.260787506123404,0.24142091728264603,7621.787450897492,19.92500379474163,2173.090285849519
0.2,229.20000000000002,31714.78015750833,1.9375641879041479,0.2,7.2630408391907135,0.24151689184271197,7622.513754981411,20.327814112934735,2172.58404375797
0.2,229.3,31693.920422371477,1.9365503529602213,0.2,7.265315710105963,0.2416140983903221,7623.240286552422,20.730685174138063,2172.077801666421
0.2,229.4,31673.027272680774,1.9355388096962607,0.2,7.267611944790563,0.24171252572392443,7623.967047746901,21.133616976852196,2171.5715595748716
0.2,229.5,31652.100768961944,1.9345295487231924,0.2,7.269929369923126,0.2418121626855262,7624.694040683893,21.53660951975167,2171.0653174833224
0.2,229.60000000000002,31631.140971857123,1.9335225606975512,0.2,7.272267812935747,0.2419129981607634,7625.421267465186,21.939662801684264,2170.559075391773
0.2,229.70000000000002,31610.14794212673,1.9325178363212505,0.2,7.2746271020085835,0.2420150210788654,7626.148730175387,22.342776821670284,2170.052833300224
0.2,229.8,31589.121740643866,1.931515366341438,0.2,7.277007066071089,0.242118220413007,7626.876430881994,22.745951578901863,2169.5465912086747
0.2,229.9,31568.06242840085,1.930515141550216,0.2,7.279407534792569,0.2422225851800266,7627.6043716354725,23.14918707274225,2169.0403491171255
0.2,230,31546.970066491514,1.9295171527846435,0.2,7.28182833859405,0.24232810444139208,7628.332554469332,23.552483302725104,2168.5341070255763
0.2,230.10000000000002,31525.844716128893,1.9285213909263217,0.2,7.284269308629103,0.24243476730233926,7629.060981400195,23.955840268553793,2168.027864934027
0.2,230.20000000000002,31504.68643863499,1.9275278469013126,0.2,7.286730276789189,0.24254256291244303,7629.789654427874,24.359257970100703,2167.521622842478
0.2,230.3,31483.495295444503,1.926536511679891,0.2,7.289211075696837,0.24265148046547302,7630.518575535443,24.762736407406543,2167.0153807509287
0.2,230.4,31462.27134809736,1.9255473762764361,0.2,7.291711538708613,0.24276150919981476,7631.247746689314,25.166275580679645,2166.5091386593795
0.2,230.5,31441.014658243395,1.9245604317491711,0.2,7.294231499907452,0.24287263839826656,7631.977169839305,25.56987549029528,2166.0028965678302
0.2,230.60000000000002,31419.72528764326,1.9235756691999553,0.2,7.296770794098425,0.24298485738802988,7632.706846918715,25.973536136794976,2165.496654476281
0.2,230.70000000000002,31398.403298156336,1.9225930797742292,0.2,7.299329256815684,0.2430981555413526,7633.436779844396,26.37725752088582,2164.990412384732
0.2,230.8,31377.04875175096,1.921612654660694,0.2,7.301906724310179,0.24321252227503853,7634.166970516827,26.781039643439783,2164.4841702931826
0.2,230.9,31355.661710504442,1.9206343850911183,0.2,7.30450303354618,0.24332794705047034,7634.897420820182,27.184882505493043,2163.9779282016334
0.2,231,31334.24223658815,1.9196582623403162,0.2,7.30711802221079,0.2434444193743882,7635.6281326224025,27.58878610824531,2163.471686110084
0.2,231.10000000000002,31312.790392280556,1.9186842777257975,0.2,7.30975152869922,0.2435619287982449,7636.359107775273,27.992750453059134,2162.965444018535
0.2,231.20000000000002,31291.30623996444,1.9177124226076128,0.2,7.312403392113907,0.24368046491836626,7637.090348114484,28.39677554145926,2162.4592019269858
0.2,231.3,31269.789842123166,1.9167426883881993,0.2,7.315073452264388,0.2438000173761521,7637.821855459711,28.800861375131934,2161.9529598354366
0.2,231.4,31248.241261336952,1.915775066512237,0.2,7.317761549667159,0.24392057585827254,7638.553631614677,29.205007955924255,2161.4467177438873
0.2,231.5,31226.660560287535,1.914809548466401,0.2,7.320467525538387,0.24404213009644116,7639.285678367231,29.6092152858435,2160.940475652338
0.2,231.60000000000002,31205.04780174978,1.9138461257792696,0.2,7.323191221797815,0.2441646698678379,7640.017997489411,30.01348336705646,2160.434233560789
0.2,231.70000000000002,31183.40304860007,1.9128847900210386,0.2,7.325932481058349,0.24428818499469251,7640.750590737517,30.41781220188878,2159.9279914692397
0.2,231.8,31161.72636381071,1.9119255328033982,0.2,7.3286911466275875,0.24441266534456052,7641.48345985218,30.82220179282431,2159.4217493776905
0.2,231.9,31140.017810448073,1.9109683457793687,0.2,7.3314670625062455,0.2445381008304145,7642.216606558431,31.22665214250444,2158.9155072861413
0.2,232,31118.277451673523,1.9100132206431009,0.2,7.334260073384142,0.24466448141058794,7642.950032565769,31.631163253727458,2158.409265194592
0.2,232.10000000000002,31096.505350739695,1.909060149129737,0.2,7.33707002464025,0.2447917970889535,7643.683739568233,32.03573512944788,2157.903023103043
0.2,232.20000000000002,31074.701570997015,1.9081091230151481,0.2,7.339896762333957,0.24492003791458405,7644.4177292444665,32.44036777277582,2157.3967810114937
0.2,232.3,31052.866175881587,1.907160134115894,0.2,7.342740133212285,0.2450491939823397,7645.152003257787,32.845061186976345,2156.8905389199444
0.2,232.4,31030.999228925444,1.9062131742889172,0.2,7.345599984698064,0.24517925543234254,7645.886563256257,33.249815375468806,2156.3842968283952
0.2,232.5,31009.100793742575,1.905268235431529,0.2,7.348476164898731,0.2453102124506472,7646.621410872747,33.65463034182622,2155.878054736846
0.2,232.60000000000002,30987.17093404848,1.9043253094809938,0.2,7.351368522586622,0.24544205526824958,7647.356547725006,34.05950608977463,2155.371812645297
0.2,232.70000000000002,30965.209713633172,1.903384388414672,0.2,7.354276907218941,0.24557477416239926,7648.091975415728,34.464442623192454,2154.8655705537476
0.2,232.8,30943.21719638072,1.9024454642496036,0.2,7.357201168918032,0.24570835945560054,7648.827695532619,34.86943994610986,2154.3593284621984
0.2,232.9,30921.193446259946,1.9015085290424443,0.2,7.360141158476353,0.24584280151604498,7649.563709648467,35.27449806270812,2153.853086370649
0.2,233,30899.138527325355,1.9005735748892738,0.2,7.363096727352686,0.2459780907575312,7650.300019321202,35.67961697731899,2153.3468442791
0.2,233.10000000000002,30877.0525037162,1.8996405939254306,0.2,7.366067727669934,0.24611421763947494,7651.036626093969,36.0847966944241,2152.8406021875508
0.2,233.20000000000002,30854.935439654626,1.898709578325357,0.2,7.369054012213793,0.24625117266696295,7651.773531495191,36.49003721865427,2152.3343600960015
0.2,233.3,30832.78739944566,1.8977805203024216,0.2,7.372055434429775,0.24638894639071185,7652.510737038633,36.89533855478895,2151.8281180044523
0.2,233.4,30810.608447472565,1.8968534121088048,0.2,7.375071848424252,0.24652752940725386,7653.248244223476,37.30070070775555,2151.321875912903
0.2,233.5,30788.39864820242,1.8959282460352513,0.2,7.378103108956835,0.2466669123586167,7653.986054534372,37.70612368262885,2150.815633821354
0.2,233.60000000000002,30766.158066182397,1.895005014410945,0.2,7.381149071440667,0.24680708593246037,7654.724169441516,38.111607484630355,2150.3093917298047
0.2,233.70000000000002,30743.886766036972,1.894083709603369,0.2,7.384209591941882,0.24694804086216215,7655.462590400711,38.5171521191277,2149.8031496382555
0.2,233.8,30721.584812472574,1.8931643240180784,0.2,7.387284527172899,0.24708976792653936,7656.201318853428,38.92275759163403,2149.2969075467063
0.2,233.9,30699.252270267345,1.892246850098648,0.2,7.390373734498141,0.24723225795029202,7656.940356226878,39.32842390780738,2148.790665455157
0.2,234,30676.889204276726,1.8913312803264382,0.2,7.393477071926581,0.2473755018036744,7657.679703934071,39.73415107345006,2148.284423363608
0.2,234.10000000000002,30654.49567943532,1.8904176072204024,0.2,7.396594398107373,0.24751949040234722,7658.419363373881,40.139939094508065,2147.7781812720586
0.2,234.20000000000002,30632.07176074665,1.8895058233370372,0.2,7.39972557233566,0.2476642147078124,7659.159335931115,40.545787977070454,2147.2719391805094
0.2,234.3,30609.617513291538,1.888595921270118,0.2,7.402870454542819,0.24780966572694452,7659.899622976569,40.95169772736875,2146.76569708896
0.2,234.4,30587.13300221972,1.8876878936506267,0.2,7.406028905300677,0.24795583451233028,7660.640225867099,41.35766835177633,2146.259454997411
0.2,234.5,30564.61829275824,1.8867817331464896,0.2,7.409200785811867,0.24810271216179836,7661.38114594568,41.76369985680783,2145.753212905862
0.2,234.60000000000002,30542.073450196534,1.8858774324625809,0.2,7.412385957919424,0.24825028981906405,7662.1223845414725,42.16979224911855,2145.2469708143126
0.2,234.70000000000002,30519.498539905064,1.884974984340345,0.2,7.415584284088755,0.24839855867276917,7662.8639429698815,42.57594553550384,2144.7407287227634
0.2,234.8,30496.893627312966,1.8840743815578878,0.2,7.418795627423358,0.248547509957475,7663.605822532624,42.98215972289852,2144.234486631214
0.2,234.9,30474.258777925745,1.8831756169296103,0.2,7.422019851647624,0.24869713495274415,7664.348024517789,43.38843481837629,2143.728244539665
0.2,235,30451.594057304785,1.88227868330628,0.2,7.425256821121048,0.2488474249840389,7665.090550199901,43.79477082914911,2143.2220024481157
0.2,235.10000000000002,30428.899531090632,1.8813835735745974,0.2,7.428506400816394,0.24899837142153303,7665.833400839983,44.20116776256664,2142.7157603565665
0.2,235.20000000000002,30406.175264982507,1.8804902806572752,0.2,7.431768456334035,0.24914996568100867,7666.576577685617,44.60762562611565,2142.2095182650173
0.2,235.3,30383.421324742027,1.8795987975128277,0.2,7.43504285389615,0.24930219922359065,7667.320081971006,45.014144427419396,2141.703276173468
0.2,235.4,30360.637776202522,1.878709117135308,0.2,7.438329460336654,0.24945506355522817,7668.06391491704,45.420724174237094,2141.197034081919
0.2,235.5,30337.82468525041,1.8778212325543606,0.2,7.441628143113762,0.24960855022748363,7668.808077731352,45.82736487446329,2140.6907919903697
0.2,235.60000000000002,30314.982117839158,1.8769351368348979,0.2,7.444938770296066,0.24976265083678595,7669.552571608381,46.234066536127294,2140.1845498988205
0.2,235.70000000000002,30292.110139982775,1.8760508230770183,0.2,7.448261210565267,0.24991735702464835,7670.297397729438,46.6408291673926,2139.6783078072713
0.2,235.8,30269.208817754872,1.8751682844158604,0.2,7.451595333214459,0.2500726604776209,7671.042557262759,47.04765277655632,2139.172065715722
0.2,235.9,30246.278217290528,1.8742875140214206,0.2,7.454941008144081,0.2502285529271099,7671.788051363574,47.454537372048584,2138.665823624173
0.2,236,30223.318404776044,1.8734085050985163,0.2,7.458298105867743,0.25038502614976244,7672.53388117416,47.86148296243198,2138.1595815326236
0.2,236.10000000000002,30200.32944646571,1.8725312508864327,0.2,7.461666497496058,0.25054207196658296,7673.28004782391,48.268489556400986,2137.6533394410744
0.2,236.20000000000002,30177.311408661306,1.8716557446590083,0.2,7.465046054750935,0.2506996822437969,7674.0265524293845,48.67555716278139,2137.147097349525
0.2,236.3,30154.264357722364,1.8707819797243561,0.2,7.46843664995464,0.2508578488922675,7674.77339609438,49.082685790529716,2136.640855257976
0.2,236.4,30131.188360067084,1.8699099494246987,0.2,7.471838156026692,0.25101656386735294,7675.520579909982,49.489875448732676,2136.134613166427
0.4,224.5,32656.422567712143,1.9905931807457082,0.7150550879062273,14.605483594840406,-0.009641303051281504,7588.582588191836,1.4614567101783524,2196.377422060783
0.4,224.60000000000002,32637.18657976482,1.9868503980815415,0.4,10.026479467218435,0.13884279003115005,7589.585236138558,2.27385634235141,2195.364937877684
0.4,224.70000000000002,32617.93197462801,1.984720542601329,0.4,10.025612046911498,0.1387182483200713,7590.587797343249,3.0865138397667606,2194.352453694585
0.4,224.8,32598.6509817848,1.9825938065774857,0.4,10.0247508356941,0.138593642699976,7591.590272426818,3.8994293322677605,2193.3399695114863
0.4,224.9,32579.343636660837,1.9804701905356712,0.4,10.023895830382335,0.13846897333389824,7592.592662009856,4.712602949845266,2192.3274853283874
0.4,225,32560.009974798188,1.978349694994273,0.4,10.023047027885069,0.13834424038881893,7593.594966712645,5.526034822637466,2191.3150011452885
0.4,225.10000000000002,32540.65003186185,1.9762323204642207,0.4,10.022204425201382,0.1382194440356012,7594.597187155166,6.339725080929719,2190.3025169621897
0.4,225.20000000000002,32521.263843642548,1.974118067448854,0.4,10.021368019418938,0.1380945844489605,7595.599323957107,7.153673855154407,2189.290032779091
0.4,225.3,32501.851446049288,1.9720069364439017,0.4,10.020537807714863,0.13796966180752962,7596.6013777378785,7.96788127589077,2188.277548595992
0.4,225.4,32482.41287511587,1.9698989279373031,0.4,10.019713787353199,0.13784467629379363,7597.603349116614,8.782347473864766,2187.265064412893
0.4,225.5,32462.948166994378,1.967794042409182,0.4,10.018895955685593,0.1377196280941462,7598.605238712182,9.597072579948916,2186.252580229794
0.4,225.60000000000002,32443.457357959822,1.965692280331685,0.4,10.018084310149142,0.13759451739884082,7599.607047143197,10.412056725162168,2185.2400960466953
0.4,225.70000000000002,32423.940484407358,1.963593642168912,0.4,10.017278848266198,0.13746934440201197,7600.608775028023,11.227300040669755,2184.2276118635964
0.4,225.8,32404.39758285228,1.9614981283768151,0.4,10.016479567643401,0.13734410930166957,7601.610422984787,12.042802657783056,2183.2151276804975
0.4,225.9,32384.828689931892,1.9594057394030682,0.4,10.015686465970267,0.13721881229967584,7602.611991631384,12.858564707959466,2182.2026434973986
0.4,226,32365.233842401765,1.9573164756870087,0.4,10.014899541019163,0.13709345360177386,7603.613481585486,13.674586322802268,2181.1901593142998
0.4,226.10000000000002,32345.61307713762,1.9552303376595168,0.4,10.014118790643915,0.13696803341756458,7604.61489346455,14.4908676340605,2180.177675131201
0.4,226.20000000000002,32325.966431137174,1.9531473257428835,0.4,10.013344212778417,0.13684255196048226,7605.616227885827,15.307408773628843,2179.165190948102
0.4,226.3,32306.293941511773,1.9510674403508121,0.4,10.01257580543771,0.13671700944786655,7606.617485466371,16.124209873547493,2178.152706765003
0.4,226.4,32286.59564549569,1.9489906818882017,0.4,10.011813566714785,0.13659140610086815,7607.618666823043,16.94127106600204,2177.1402225819043
0.4,226.5,32266.871580436826,1.9469170507511548,0.4,10.011057494781896,0.13646574214452845,7608.6197725725215,17.758592483323373,2176.1277383988054
0.4,226.60000000000002,32247.1217838116,1.9448465473266987,0.4,10.010307587886036,0.13634001780763322,7609.6208033313105,18.576174257987553,2175.1152542157065
0.4,226.70000000000002,32227.3462932026,1.9427791719929477,0.4,10.009563844353343,0.13621423332291305,7610.621759715746,19.39401652261572,2174.1027700326076
0.4,226.8,32207.54514631536,1.9407149251188027,0.4,10.008826262584188,0.13608838892687922,7611.622642342004,20.212119409973972,2173.0902858495087
0.4,226.9,32187.718380979262,1.938653807063835,0.4,10.008094841051971,0.13596248485980655,7612.623451826109,21.030483052973295,2172.07780166641
0.4,227,32167.86603512708,1.9365958181784289,0.4,10.00736957830708,0.13583652136591567,7613.62418878394,21.84910758466944,2171.065317483311
0.4,227.10000000000002,32147.98814681731,1.9345409588034155,0.4,10.00665047297066,0.13571049869315618,7614.624853831237,22.667993138262837,2170.052833300212
0.4,227.20000000000002,32128.084754223004,1.9324892292701006,0.4,10.005937523736288,0.1355844170933013,7615.62544758361,23.48713984709852,2169.0403491171132
0.4,227.3,32108.15589563735,1.9304406299000971,0.4,10.005230729367742,0.13545827682188663,7616.625970656547,24.30654784466602,2168.0278649340144
0.4,227.4,32088.20160946343,1.9283951610053476,0.4,10.0045300887005,0.1353320781382962,7617.626423665417,25.126217264599305,2167.0153807509155
0.4,227.5,32068.221934221685,1.9263528228879307,0.4,10.003835600639,0.13520582130568243,7618.626807225481,25.946148240676678,2166.0028965678166
0.4,227.60000000000002,32048.21690854896,1.924313615839973,0.4,10.003147264155984,0.13507950659096538,7619.627121951897,26.766340906820712,2164.9904123847177
0.4,227.70000000000002,32028.186571198516,1.9222775401435463,0.4,10.002465078291515,0.13495313426482186,7620.627368459725,27.58679539709819,2163.977928201619
0.4,227.8,32008.130961033516,1.9202445960706453,0.4,10.001789042153618,0.13482670460173546,7621.627547363941,28.407511845720006,2162.96544401852
0.4,227.9,31988.05011703912,1.9182147838829424,0.4,10.00111915491447,0.13470021787987316,7622.627659279432,29.22849038704113,2161.952959835421
0.4,228,31967.944078310393,1.91618810383183,0.4,10.000455415812343,0.13457367438118628,7623.627704821013,30.04973115556053,2160.940475652322
0.4,228.10000000000002,31947.812884054147,1.9141645561582987,0.4,9.999797824150221,0.13444707439138187,7624.627684603428,30.87123428592111,2159.9279914692233
0.4,228.20000000000002,31927.65657359641,1.9121441410927478,0.4,9.999146379293133,0.13432041819984175,7625.6275992413575,31.692999912909663,2158.9155072861245
0.4,228.3,31907.475186370313,1.9101268588550282,0.4,9.998501080670039,0.13419370609972248,7626.627449349425,32.51502817145681,2157.9030231030256
0.4,228.4,31887.26876192633,1.908112709654221,0.4,9.997861927770545,0.13406693838784825,7627.627235542202,33.337319196636976,2156.8905389199267
0.4,228.5,31867.037339925766,1.906101693688618,0.4,9.997228920145476,0.13394011536475892,7628.626958434216,34.15987312366829,2155.878054736828
0.4,228.60000000000002,31846.780960146338,1.9040938111455512,0.4,9.996602057404667,0.133813237334645,7629.626618639957,34.9826900879126,2154.865570553729
0.4,228.70000000000002,31826.49966247473,1.902089062201385,0.4,9.995981339217748,0.13368630460540362,7630.626216773879,35.80577022487541,2153.85308637063
0.4,228.8,31806.193486905657,1.9000874470214233,0.4,9.995366765313445,0.13355931748863356,7631.62575345041,36.62911367020583,2152.840602187531
0.4,228.9,31785.862473553978,1.8980889657596736,0.4,9.994758335475899,0.13343227629950985,7632.625229283958,37.45272055969658,2151.8281180044323
0.4,229,31765.506662638858,1.8960936185589297,0.4,9.994156049547327,0.13330518135691594,7633.624644888913,38.276591029283914,2150.8156338213334
0.4,229.10000000000002,31745.126094494946,1.894101405550544,0.4,9.9935599074246,0.13317803298332612,7634.624000879656,39.10072521504764,2149.8031496382346
0.4,229.20000000000002,31724.720809564926,1.8921123268544173,0.4,9.992969909060001,0.13305083150486022,7635.623297870562,39.925123253211055,2148.7906654551357
0.4,229.3,31704.29084840603,1.890126382578821,0.4,9.992386054458848,0.13292357725120815,7636.622536476008,40.74978528014097,2147.778181272037
0.4,229.4,31683.836251679808,1.8881435728204223,0.4,9.991808343680873,0.1327962705557096,7637.621717310376,41.574711432347655,2146.765697088938
0.4,229.5,31663.35706016142,1.8861638976640749,0.4,9.991236776837235,0.13266891175525253,7638.62084098806,42.39990184648485,2145.753212905839
0.4,229.60000000000002,31642.853314736858,1.8841873571827552,0.4,9.990671354090216,0.13254150119028374,7639.619908123469,43.22535665934974,2144.74072872274
0.4,229.70000000000002,31622.325056396425,1.882213951437541,0.4,9.9901120756538,0.1324140392048524,7640.618919331035,44.05107600788297,2143.7282445396413
0.4,229.8,31601.77232624311,1.8802436804774174,0.4,9.989558941790868,0.13228652614651742,7641.6178752252135,44.877060029168604,2142.7157603565424
0.4,229.9,31581.195165487938,1.8782765443392322,0.4,9.98901195281335,0.13215896236637317,7642.616776420495,45.70330886043417,2141.7032761734436
0.4,230,31560.59361544717,1.8763125430476337,0.4,9.988471109081923,0.13203134821905882,7643.615623531403,46.529822639050636,2140.6907919903447
0.4,230.10000000000002,31539.96771755349,1.8743516766148436,0.4,9.987936411002655,0.13190368406263833,7644.614417172503,47.35660150253242,2139.678307807246
0.4,230.20000000000002,31519.317513336428,1.872393945040786,0.4,9.987407859030407,0.1317759702587631,7645.613157958406,48.18364558853741,2138.665823624147
0.4,230.3,31498.643044444732,1.8704393483127384,0.4,9.986885453663026,0.13164820717244918,7646.6118465037725,49.010955034866974,2137.653339441048
0.4,230.4,31477.944352624007,1.8684878864054864,0.4,9.986369195445347,0.13152039517226402,7647.610483423317,49.83852997946596,2136.640855257949
0.4,230.5,31457.221479731612,1.8665395592810634,0.4,9.985859084965046,0.13139253463017248,7648.609069331814,50.66637056042274,2135.6283710748503
0.4,230.60000000000002,31436.474467728287,1.8645943668887461,0.4,9.98535512285355,0.13126462592159427,7649.607604844099,51.49447691596922,2134.6158868917514
0.4,230.70000000000002,31415.703358691186,1.8626523091648155,0.4,9.984857309782335,0.1311366694252667,7650.606090575077,52.322849184480866,2133.6034027086525
0.4,230.8,31394.908194792457,1.8607133860327048,0.4,9.984365646466689,0.13100866552342147,7651.604527139724,53.15148750447674,2132.5909185255537
0.4,230.9,31374.08901831135,1.8587775974027665,0.4,9.98388013366219,0.13088061460165465,7652.60291515309,53.980392014619525,2131.578434342455
0.4,231,31353.24587163981,1.8568449431721146,0.4,9.983400772162597,0.13075251704885563,7653.601255230306,54.80956285371557,2130.565950159356
0.4,231.10000000000002,31332.37879726384,1.8549154232247467,0.4,9.982927562803031,0.13062437325735882,7654.599547986587,55.639000160714915,2129.553465976257
0.4,231.20000000000002,31311.48783778306,1.8529890374312215,0.4,9.982460506454814,0.13049618362274304,7655.597794037232,56.46870407471135,2128.540981793158
0.4,231.3,31290.57303589955,1.8510657856486974,0.4,9.981999604027049,0.1303679485439147,7656.595993997635,57.29867473494244,2127.5284976100593
0.4,231.4,31269.63443441689,1.8491456677208495,0.4,9.981544856465916,0.13023966842309506,7657.594148483281,58.1289122807896,2126.5160134269604
0.4,231.5,31248.6720762467,1.8472286834777023,0.4,9.98109626475241,0.13011134366573987,7658.592258109757,58.95941685177812,2125.5035292438615
0.4,231.60000000000002,31227.686004401185,1.845314832735622,0.4,9.980653829903032,0.12998297468058612,7659.590323492747,59.79018858757725,2124.4910450607626
0.4,231.70000000000002,31206.676261994056,1.8434041152972152,0.4,9.980217552968767,0.12985456187962216,7660.588345248044,60.62122762800021,2123.4785608776638
0.4,231.8,31185.642892247997,1.8414965309511495,0.4,9.979787435032566,0.12972610567799767,7661.586323991547,61.45253411300431,2122.466076694565
0.4,231.9,31164.585938481614,1.8395920794722154,0.4,9.979363477211294,0.129597606494121,7662.584260339268,62.28410818269097,2121.453592511466
0.4,232,31143.50544412434,1.8376907606210608,0.4,9.978945680651702,0.12946906474950057,7663.5821549073335,63.11594997730581,2120.441108328367
0.4,232.10000000000002,31122.40145269595,1.8357925741443362,0.4,9.978534046533866,0.1293404808689091,7664.580008311987,63.948059637238714,2119.4286241452683
0.4,232.20000000000002,31101.274007828906,1.8338975197743494,0.4,9.978128576065632,0.12921185528015716,7665.577821169593,64.7804373030239,2118.4161399621694
0.4,232.3,31080.123153250664,1.832005597229175,0.4,9.97772927048548,0.12908318841423103,7666.575594096642,65.61308311534,2117.4036557790705
0.4,232.4,31058.948932790197,1.8301168062124948,0.4,9.977336131060278,0.12895448070521004,7667.573327709748,66.44599721501014,2116.3911715959716
0.4,232.5,31037.751390382648,1.8282311464134497,0.4,9.976949159083473,0.12882573259020014,7668.571022625656,67.27917974300203,2115.3786874128728
0.4,232.60000000000002,31016.53057005629,1.8263486175067054,0.4,9.976568355876974,0.1286969445094293,7669.568679461244,68.11263084042804,2114.366203229774
0.4,232.70000000000002,30995.28651594557,1.8244692191522085,0.4,9.976193722787535,0.12856811690610348,7670.5662988335225,68.94635064854529,2113.353719046675
0.4,232.8,30974.019272278994,1.8225929509952405,0.4,9.975825261188458,0.12843925022649305,7671.5638813596415,69.78033930875574,2112.341234863576
0.4,232.9,30952.728883391246,1.8207198126661892,0.4,9.975462972476233,0.12831034491979731,7672.5614276568895,70.61459696260631,2111.3287506804772
0.4,233,30931.41539371293,1.8188498037805823,0.4,9.975106858071822,0.12818140143821324,7673.558938342697,71.44912375178895,2110.3162664973784
0.4,233.10000000000002,30910.078847775236,1.8169829239389415,0.4,9.974756919418827,0.12805242023686697,7674.556414034639,72.28391981814073,2109.3037823142795
0.4,233.20000000000002,30888.71929019969,1.815119172726813,0.4,9.974413157984792,0.12792340177388115,7675.5538553504375,73.118985303644,2108.2912981311806
0.4,233.3,30867.33676571492,1.813258549714493,0.4,9.97407557525689,0.12779434651019747,7676.551262907963,73.95432035042643,2107.2788139480817
0.4,233.4,30845.931319145486,1.8114010544570676,0.4,9.973744172743407,0.12766525490965142,7677.548637325237,74.78992510076118,2106.266329764983
0.4,233.5,30824.50299541559,1.8095466864942826,0.4,9.973418951972128,0.127536127438912,7678.545979220434,75.62579969706698,2105.253845581884
0.4,233.60000000000002,30803.051839543507,1.8076954453505236,0.4,9.973099914490675,0.12740696456750564,7679.543289211882,76.46194428190825,2104.241361398785
0.4,233.70000000000002,30781.5778966425,1.8058473305347185,0.4,9.972787061865457,0.12727776676778058,7680.540567918069,77.29835899799521,2103.228877215686
0.4,233.8,30760.081211927347,1.8040023415401802,0.4,9.972480395679543,0.12714853451482067,7681.537815957638,78.13504398818404,2102.2163930325873
0.4,233.9,30738.561830707826,1.8021604778445972,0.4,9.972179917533147,0.12701926828647686,7682.535033949391,78.97199939547697,2101.2039088494885
0.4,234,30717.019798386842,1.8003217389099662,0.4,9.971885629043204,0.1268899685633557,7683.532222512295,79.80922536302242,2100.1914246663896
0.4,234.10000000000002,30695.455160466954,1.7984861241824397,0.4,9.971597531841223,0.12676063582873265,7684.529382265479,80.64672203411514,2099.1789404832907
0.4,234.20000000000002,30673.86796254199,1.796653633092334,0.4,9.971315627574157,0.12663127056859919,7685.526513828237,81.48448955219632,2098.166456300192
0.4,234.3,30652.25825030636,1.794824265053946,0.4,9.97103991790174,0.12650187327155055,7686.523617820027,82.32252806085376,2097.153972117093
0.4,234.4,30630.626069546677,1.7929980194655601,0.4,9.97077040449734,0.12637244442883155,7687.520694860476,83.16083770382197,2096.141487933994
0.4,234.5,30608.971466138028,1.7911748957094091,0.4,9.970507089047903,0.1262429845343413,7688.517745569381,83.99941862498237,2095.129003750895
0.4,234.60000000000002,30587.294486058876,1.7893548931514283,0.4,9.970249973250173,0.1261134940844696,7689.514770566706,84.83827096836339,2094.1165195677963
0.4,234.70000000000002,30565.59517537523,1.7875380111413484,0.4,9.969999058813055,0.12598397357820942,7690.511770472587,85.67739487814063,2093.1040353846975
0.4,234.8,30543.873580248095,1.7857242490125353,0.4,9.969754347455336,0.12585442351706033,7691.508745907333,86.51679049863704,2092.0915512015986
0.4,234.9,30522.1297469344,1.7839136060818959,0.4,9.96951584090467,0.12572484440498907,7692.505697491423,87.35645797432299,2091.0790670184997
0.4,235,30500.363721779548,1.7821060816498833,0.4,9.969283540898324,0.12559523674846662,7693.502625845513,88.19639744981656,2090.066582835401
0.4,235.10000000000002,30478.575551219285,1.780301675000395,0.4,9.969057449181959,0.1254656010564201,7694.499531590431,89.03660906988357,2089.054098652302
0.4,235.20000000000002,30456.76528179273,1.7785003854005506,0.4,9.968837567506291,0.1253359378400847,7695.496415347181,89.87709297943785,2088.041614469203
0.4,235.3,30434.932960116304,1.7767022121009033,0.4,9.968623897631481,0.1252062476132069,7696.493277736944,90.71784932354133,2087.029130286104
0.4,235.4,30413.078632910736,1.7749071543350607,0.4,9.968416441320983,0.12507653089176973,7697.4901193810765,91.55887824740425,2086.0166461030053
0.4,235.5,30391.202346976846,1.7731152113198754,0.4,9.96821520034556,0.12494678819417838,7698.486940901111,92.40017989638532,2085.0041619199064
0.4,235.60000000000002,30369.304149212316,1.7713263822551848,0.4,9.968020176479198,0.12481702004107799,7699.483742918758,93.24175441599189,2083.9916777368076
0.4,235.70000000000002,30347.38408660423,1.7695406663238151,0.4,9.967831371499813,0.12468722695538764,7700.480526055908,94.08360195188014,2082.9791935537087
0.4,235.8,30325.442206230015,1.7677580626914935,0.4,9.967648787188292,0.12455740946225938,7701.477290934627,94.92572264985525,2081.96670937061
0.4,235.9,30303.47855525557,1.7659785705067954,0.4,9.967472425328086,0.12442756808906205,7702.474038177159,95.7681166558716,2080.954225187511
0.4,236,30281.49318093434,1.764202188901077,0.4,9.967302287704609,0.12429770336535637,7703.470768405929,96.61078411603292,2079.941741004412
0.4,236.10000000000002,30259.48613061197,1.7624289169883525,0.4,9.967138376103609,0.12416781582281974,7704.46748224354,97.45372517659253,2078.929256821313
0.4,236.20000000000002,30237.457451724447,1.7606587538652372,0.4,9.966980692310765,0.12403790599522951,7705.464180312771,98.29693998395348,2077.9167726382143
0.4,236.3,30215.40719179157,1.7588916986109477,0.4,9.966829238112165,0.12390797441848699,7706.460863236582,99.14042868466879,2076.9042884551154
0.4,236.4,30193.335398422554,1.7571277502871645,0.4,9.966684015292508,0.12377802163053322,7707.457531638111,99.98419142544162,2075.8918042720165
0.6,224.5,32656.422567712143,1.9905931807457082,0.7150550879062273,14.605483594840406,-0.009641303051281504,7588.582588191836,1.4614567101783524,2196.377422060783
0.6,224.60000000000002,32637.18657976482,1.9868503980815415,0.6,12.41777713884962,0.004024155662745995,7589.824365905722,2.6863676130306766,2194.858695786135
0.6,224.70000000000002,32617.936046812683,1.9838793963203862,0.6,12.421526315474653,0.0038923420667494463,7591.066518537269,3.9118544835213127,2193.3399695114867
0.6,224.8,32598.667273263447,1.9809095989887966,0.6,12.42527961029541,0.003759985835394865,7592.309046498299,5.137917827916537,2191.8212432368387
0.6,224.9,32579.380300265737,1.9779410098084287,0.6,12.42903703963059,0.0036270843758411594,7593.551950202262,6.3645581530283035,2190.3025169621906
0.6,225,32560.075169228017,1.9749736325014222,0.6,12.432798619837325,0.003493635080739438,7594.7952300642455,7.59177596621511,2188.7837906875425
0.6,225.10000000000002,32540.751921822317,1.9720074707902717,0.6,12.436564367310783,0.0033596353281157426,7596.038886500976,8.819571775382865,2187.2650644128944
0.6,225.20000000000002,32521.41059998423,1.9690425283977486,0.6,12.440334298484,0.003225082481273067,7597.282919930824,10.04794608898577,2185.7463381382463
0.6,225.3,32502.05124590732,1.9660788090468786,0.6,12.444108429828072,0.0030899738887217656,7598.527330773807,11.27689941602719,2184.227611863598
0.6,225.4,32482.673902054317,1.9631163164607257,0.6,12.447886777851233,0.0029543068840203086,7599.7721194515925,12.506432266060552,2182.70888558895
0.6,225.5,32463.278611155227,1.9601550543623276,0.6,12.451669359098775,0.002818078785684311,7601.017286387502,13.736545149190237,2181.190159314302
0.6,225.60000000000002,32443.865416196175,1.957195026474744,0.6,12.45545619015369,0.0026812868971442805,7602.262832006518,14.967238576072472,2179.671433039654
0.6,225.70000000000002,32424.43436044082,1.9542362365207122,0.6,12.45924728763497,0.002543928506528969,7603.508756735281,16.198513057916244,2178.152706765006
0.6,225.8,32404.98548741825,1.9512786882227036,0.6,12.463042668198279,0.0024060008866260973,7604.755061002101,17.430369106484214,2176.6339804903578
0.6,225.9,32385.51884092763,1.9483223853027798,0.6,12.466842348535456,0.0022675012947532547,7606.001745236954,18.662807234093627,2175.1152542157097
0.6,226,32366.034465034492,1.9453673314825486,0.6,12.470646345374599,0.002128426972672289,7607.248809871491,19.895827953617246,2173.5965279410616
0.6,226.10000000000002,32346.532404075377,1.942413530483014,0.6,12.474454675479546,0.001988775146457858,7608.496255339039,21.12943177848427,2172.0778016664135
0.6,226.20000000000002,32327.012702666223,1.9394609860243863,0.6,12.478267355649114,0.001848543026345524,7609.744082074603,22.363619222681287,2170.5590753917654
0.6,226.3,32307.475405688398,1.936509701826159,0.6,12.482084402717906,0.0017077278066978813,7610.992290514875,23.5983908007532,2169.0403491171173
0.6,226.4,32287.920558302663,1.933559681606846,0.6,12.485905833555123,0.0015663266658208254,7612.240881098231,24.8337470278042,2167.5216228424692
0.6,226.5,32268.348205937073,1.9306109290840339,0.6,12.48973166506525,0.0014243367659177164,7613.489854264737,26.069688419498693,2166.002896567821
0.6,226.60000000000002,32248.75839430187,1.9276634479741073,0.6,12.493561914186808,0.0012817552528985067,7614.739210456156,27.30621549206228,2164.484170293173
0.6,226.70000000000002,32229.151169382036,1.9247172419922436,0.6,12.49739659789272,0.0011385792563071671,7615.988950115945,28.543328762282716,2162.965444018525
0.6,226.8,32209.526577442884,1.9217723148522508,0.6,12.50123573318971,0.000994805889178517,7617.239073689264,29.781028747510902,2161.446717743877
0.6,226.9,32189.884665025398,1.9188286702665223,0.6,12.505079337118435,0.000850432247948639,7618.4895816229755,31.019315965661846,2159.927991469229
0.6,227,32170.225478948094,1.9158863119459204,0.6,12.508927426753171,0.0007054554123296156,7619.740474365651,32.25819093521565,2158.4092651945807
0.6,227.10000000000002,32150.5490663182,1.9129452435995422,0.6,12.512780019200886,0.00055987244513293,7620.99175236757,33.49765417521853,2156.8905389199326
0.6,227.20000000000002,32130.85547451116,1.9100054689348602,0.6,12.516637131602375,0.00041368039226174005,7622.243416080731,34.73770620528377,2155.3718126452845
0.6,227.3,32111.144751200452,1.9070669916572744,0.6,12.520498781130108,0.0002668762824324586,7623.495465958844,35.97834754559278,2153.8530863706364
0.6,227.4,32091.416944327764,1.9041298154703579,0.6,12.524364984990022,0.00011945712721498844,7624.747902457343,37.21957871689607,2152.3343600959884
0.6,227.5,32071.672102133743,1.9011939440753929,0.6,12.528235760419271,-0.000028580079253760077,7626.000726033385,38.4614002405143,2150.8156338213403
0.6,227.60000000000002,32051.910273131914,1.8982593811715738,0.6,12.532111124687738,-0.00017723836025108908,7627.253937145854,39.703812638339265,2149.296907546692
0.6,227.70000000000002,32032.131506128237,1.895326130455674,0.6,12.535991095096598,-0.0003265207566971913,7628.507536255364,40.946816432834964,2147.778181272044
0.6,227.8,32012.335850212723,1.8923941956220378,0.6,12.539875688978597,-0.00047643032723426737,7629.761523824262,42.19041214703862,2146.259454997396
0.6,227.9,31992.52335476782,1.8894635803623763,0.6,12.543764923697355,-0.000626970148397122,7631.015900316632,43.43460030456174,2144.740728722748
0.6,228,31972.694069460034,1.8865342883657572,0.6,12.547658816647694,-0.0007781433146946716,7632.270666198297,44.67938142959116,2143.2220024481
0.6,228.10000000000002,31952.84804425109,1.8836063233183666,0.6,12.551557385254718,-0.0009299529387982765,7633.5258219368225,45.92475604689009,2141.7032761734517
0.6,228.20000000000002,31932.98532938771,1.8806796889035193,0.6,12.55546064697423,-0.001082402151615043,7634.78136800152,47.17072468179919,2140.1845498988037
0.6,228.3,31913.10597541649,1.8777543888013766,0.6,12.55936861929163,-0.0012354941024988325,7636.037304863449,48.417287860237664,2138.6658236241556
0.6,228.4,31893.210033166222,1.8748304266890377,0.6,12.563281319722785,-0.0013892319592862107,7637.293632995422,49.66444610870428,2137.1470973495075
0.6,228.5,31873.297553764656,1.871907806240236,0.6,12.567198765812789,-0.0015436189085195583,7638.550352872003,50.91219995427853,2135.6283710748594
0.6,228.60000000000002,31853.368588635698,1.868986531125257,0.6,12.571120975135905,-0.0016986581555661837,7639.807464969516,52.16054992462165,2134.1096448002113
0.6,228.70000000000002,31833.423189493828,1.8660666050108894,0.6,12.575047965295715,-0.001854352924723239,7641.064969766046,53.40949654797776,2132.590918525563
0.6,228.8,31813.461408357136,1.8631480315601612,0.6,12.578979753924106,-0.002010706459424798,7642.322867741438,54.65904035317497,2131.072192250915
0.6,228.9,31793.48329753708,1.8602308144323398,0.6,12.582916358681663,-0.002167722022324594,7643.581159377306,55.90918186962648,2129.553465976267
0.6,229,31773.488909639418,1.8573149572828058,0.6,12.586857797257437,-0.0023254028954397057,7644.839845157032,57.159921627331684,2128.034739701619
0.6,229.10000000000002,31753.478297573514,1.854400463762828,0.6,12.590804087368127,-0.0024837523803420587,7646.098925565769,58.411260156877326,2126.516013426971
0.6,229.20000000000002,31733.45151454769,1.8514873375194971,0.6,12.594755246758144,-0.002642773798274701,7647.358401090444,59.6631979894386,2124.9972871523228
0.6,229.3,31713.40861407295,1.8485755821955656,0.6,12.598711293199173,-0.002802470490315623,7648.618272219765,60.91573565678032,2123.4785608776747
0.6,229.4,31693.349649960175,1.8456652014293582,0.6,12.60267224449015,-0.0029628458175066964,7649.878539444214,62.16887369125804,2121.9598346030266
0.6,229.5,31673.27467632387,1.8427561988546057,0.6,12.606638118456774,-0.003123903161020545,7651.13920325606,63.422612625819234,2120.4411083283785
0.6,229.60000000000002,31653.183747579344,1.8398485781003577,0.6,12.61060893295149,-0.0032856459222922116,7652.400264149355,64.67695299400441,2118.9223820537304
0.6,229.70000000000002,31633.07691845391,1.8369423427907294,0.6,12.614584705852558,-0.003448077523229308,7653.6617226199405,65.93189532994832,2117.4036557790823
0.6,229.8,31612.954243972898,1.8340374965449364,0.6,12.618565455064712,-0.003611201406286013,7654.923579165447,67.18744016838112,2115.8849295044342
0.6,229.9,31592.815779466182,1.8311340429770953,0.6,12.622551198518504,-0.0037750210346502756,7656.185834285299,68.44358804462954,2114.366203229786
0.6,230,31572.661580580287,1.8282319856959603,0.6,12.626541954169387,-0.003939539892463307,7657.448488480716,69.70033949461808,2112.847476955138
0.6,230.10000000000002,31552.491703264415,1.825331328304953,0.6,12.63053773999829,-0.004104761484898127,7658.711542254716,70.9576950548702,2111.32875068049
0.6,230.20000000000002,31532.306203778833,1.822432074401941,0.6,12.634538574010943,-0.004270689338361423,7659.974996112117,72.21565526250951,2109.810024405842
0.6,230.3,31512.105138687417,1.8195342275791884,0.6,12.638544474238039,-0.004437327000610853,7661.238850559541,73.474220655261,2108.291298131194
0.6,230.4,31491.888564870693,1.8166377914230838,0.6,12.642555458734249,-0.004604678040985372,7662.503106105414,74.73339177145226,2106.7725718565457
0.6,230.5,31471.65653952025,1.813742769514066,0.6,12.646571545578345,-0.004772746050536035,7663.767763259972,75.99316915001464,2105.2538455818976
0.6,230.60000000000002,31451.409120139666,1.8108491654264864,0.6,12.650592752872882,-0.004941534642193265,7665.032822535259,77.25355333048456,2103.7351193072495
0.6,230.70000000000002,31431.14636454452,1.8079569827284712,0.6,12.654619098744002,-0.005111047450931147,7666.2982844451335,78.51454485300471,2102.2163930326014
0.6,230.8,31410.868330871686,1.8050662249816845,0.6,12.658650601340604,-0.005281288133984333,7667.564149505268,79.77614425832525,2100.6976667579534
0.6,230.9,31390.575077565387,1.8021768957413498,0.6,12.662687278835003,-0.005452260370938614,7668.830418233151,81.03835208780515,2099.1789404833053
0.6,231,31370.266663386486,1.7992889985560063,0.6,12.666729149422082,-0.005623967863951241,7670.097091148094,82.30116888341338,2097.660214208657
0.6,231.10000000000002,31349.943147414364,1.7964025369673529,0.6,12.670776231318982,-0.005796414337931967,7671.364168771225,83.56459518773019,2096.141487934009
0.6,231.20000000000002,31329.60458904784,1.793517514510099,0.6,12.674828542764804,-0.005969603540720427,7672.631651625502,84.82863154394838,2094.622761659361
0.6,231.3,31309.251048006117,1.790633934711814,0.6,12.678886102020329,-0.006143539243265814,7673.899540235704,86.09327849587457,2093.104035384713
0.6,231.4,31288.882584317587,1.7877518010929099,0.6,12.682948927368429,-0.006318225239740922,7675.167835128441,87.35853658793053,2091.585309110065
0.6,231.5,31268.499258347787,1.7848711171661908,0.6,12.68701703711218,-0.006493665347874145,7676.436536832152,88.62440636515441,2090.0665828354167
0.6,231.60000000000002,31248.101130765863,1.7819918864370805,0.6,12.691090449576606,-0.00666986340894395,7677.70564587711,89.89088837320209,2088.5478565607687
0.6,231.70000000000002,31227.688262576237,1.7791141124031309,0.6,12.695169183106591,-0.006846823288134671,7678.975162795421,91.15798315834844,2087.0291302861206
0.6,231.8,31207.26071509719,1.7762377985541082,0.6,12.699253256067857,-0.007024548874602007,7680.245088121028,92.42569126748869,2085.5104040114725
0.6,231.9,31186.818549978547,1.7733629483716573,0.6,12.70334268684574,-0.007203044081755341,7681.5154223897125,93.6940132481397,2083.9916777368244
0.6,232,31166.361829188652,1.7704895653292962,0.6,12.70743749384567,-0.007382312847372553,7682.786166139097,94.9629496484413,2082.4729514621763
0.6,232.10000000000002,31145.890615025535,1.7676176528921452,0.6,12.7115376954923,-0.007562359133850911,7684.057319908647,96.23250101715766,2080.954225187528
0.6,232.20000000000002,31125.404970112257,1.7647472145168284,0.6,12.715643310229531,-0.007743186928371868,7685.32888423967,97.5026679036786,2079.43549891288
0.6,232.3,31104.90495739784,1.7618782536513142,0.6,12.719754356520202,-0.007924800243098724,7686.600859675322,98.77345085802095,2077.916772638232
0.6,232.4,31084.390640161,1.7590107737347218,0.6,12.72387085284565,-0.008107203115392356,7687.873246760606,100.04485043082991,2076.398046363584
0.6,232.5,31063.86208200734,1.756144778197202,0.6,12.727992817705609,-0.008290399607991945,7689.146046042377,101.31686717338042,2074.879320088936
0.6,232.60000000000002,31043.319346870296,1.7532802704597712,0.6,12.732120269617917,-0.008474393809218873,7690.419258069339,102.58950163757848,2073.3605938142878
0.6,232.70000000000002,31022.762499019504,1.7504172539340663,0.6,12.736253227117803,-0.008659189833224286,7691.692883392051,103.86275437596264,2071.8418675396397
0.6,232.8,31002.1916030515,1.7475557320222905,0.6,12.740391708758143,-0.00884479182013984,7692.966922562927,105.13662594170526,2070.3231412649916
0.6,232.9,30981.606723895296,1.7446957081169976,0.6,12.744535733108929,-0.009031203936313615,7694.241376136238,106.41111688861402,2068.8044149903435
0.6,233,30961.00792681519,1.7418371856009018,0.6,12.748685318756838,-0.009218430374532939,7695.516244668113,107.68622777113323,2067.2856887156954
0.6,233.10000000000002,30940.395277404226,1.7389801678467904,0.6,12.75284048430536,-0.009406475354196944,7696.791528716544,108.9619591443453,2065.7669624410473
0.6,233.20000000000002,30919.768841599114,1.7361246582172036,0.6,12.757001248373705,-0.009595343121611286,7698.067228841382,110.23831156397213,2064.2482361663992
0.6,233.3,30899.128685657866,1.7332706600645125,0.6,12.761167629597807,-0.009785037950076573,7699.343345604341,111.51528558637654,2062.729509891751
0.6,233.4,30878.47487618681,1.730418176730471,0.6,12.765339646628586,-0.009975564140255067,7700.619879569004,112.79288176856367,2061.210783617103
0.6,233.5,30857.80748012662,1.7275672115461986,0.6,12.769517318132422,-0.010166926020310791,7701.896831300817,114.07110066818251,2059.692057342455
0.6,233.60000000000002,30837.126564749517,1.7247177678320469,0.6,12.773700662791107,-0.010359127946114117,7703.174201367096,115.34994284352723,2058.173331067807
0.6,233.70000000000002,30816.432197671384,1.7218698488973068,0.6,12.77788969930091,-0.010552174301531894,7704.4519903370265,116.62940885353873,2056.654604793159
0.6,233.8,30795.724446847104,1.7190234580400894,0.6,12.782084446372576,-0.010746069498626738,7705.730198781664,117.90949925780606,2055.1358785185107
0.6,233.9,30775.00338056963,1.71617859854717,0.6,12.786284922731095,-0.010940817977878783,7707.008827273937,119.19021461656787,2053.6171522438626
0.6,234,30754.26906747278,1.7133352736937895,0.6,12.790491147115356,-0.01113642420843133,7708.287876388648,120.47155549071392,2052.0984259692145
0.6,234.10000000000002,30733.521576532163,1.7104934867434773,0.6,12.794703138277782,-0.01133289268832775,7709.567346702476,121.75352244178656,2050.5796996945664
0.6,234.20000000000002,30712.760977063328,1.7076532409478946,0.6,12.798920914984212,-0.011530227944736262,7710.847238793975,123.0361160319822,2049.0609734199184
0.6,234.3,30691.987338731065,1.7048145395465708,0.6,12.803144496013122,-0.011728434534239083,7712.127553243576,124.31933682415286,2047.5422471452703
0.6,234.4,30671.200731537305,1.7019773857668532,0.6,12.807373900156017,-0.011927517043003818,7713.408290633592,125.60318538180759,2046.0235208706222
0.6,234.5,30650.40122583229,1.6991417828236197,0.6,12.8116091462166,-0.012127480087088752,7714.689451548214,126.88766226911409,2044.504794595974
0.6,234.60000000000002,30629.58889230527,1.6963077339191988,0.6,12.815850253010984,-0.012328328312634817,7715.9710365735145,128.17276805090015,2042.986068321326
0.6,234.70000000000002,30608.76380200032,1.693475242243027,0.6,12.82009723936659,-0.012530066396202907,7717.253046297451,129.4585032926552,2041.467342046678
0.6,234.8,30587.926026305184,1.6906443109715912,0.6,12.824350124122512,-0.012732699044960345,7718.535481309863,130.7448685605319,2039.9486157720298
0.6,234.9,30567.075636947528,1.6878149432682872,0.6,12.828608926129423,-0.012936230996912285,7719.818342202476,132.0318644213476,2038.4298894973817
0.6,235,30546.21270601824,1.6849871422829985,0.6,12.832873664248098,-0.013140667021289788,7721.1016295689005,133.31949144258596,2036.9111632227336
0.6,235.10000000000002,30525.337305939756,1.6821609111522458,0.6,12.837144357350802,-0.013346011918627564,7722.385344004636,134.60775019239847,2035.3924369480856
0.6,235.20000000000002,30504.449509494007,1.6793362529987124,0.6,12.841421024319601,-0.013552270521184111,7723.669486107068,135.89664123960605,2033.8737106734375
0.6,235.3,30483.549389812164,1.6765131709311725,0.6,12.845703684046612,-0.013759447693147044,7724.9540564754725,137.1861651537006,2032.3549843987894
0.6,235.4,30462.637020372786,1.6736916680443232,0.6,12.849992355433825,-0.013967548330889232,7726.239055711016,138.47632250484665,2030.8362581241413
0.6,235.5,30441.712475010194,1.6708717474185117,0.6,12.854287057392444,-0.014176577363286254,7727.524484416755,139.7671138638828,2029.3175318494932
0.6,235.60000000000002,30420.775827907957,1.6680534121196218,0.6,12.85858780884292,-0.0143865397519513,7728.810343197639,141.05853980232348,2027.7988055748451
0.6,235.70000000000002,30399.827153603546,1.6652366651988355,0.6,12.862894628714484,-0.014597440491537345,7730.09663266051,142.35060089236046,2026.280079300197
0.6,235.8,30378.866526989266,1.662421509692434,0.6,12.867207535944807,-0.01480928461002137,7731.383353414105,143.64329770686456,2024.761353025549
0.6,235.9,30357.89402330853,1.6596079486216502,0.6,12.871526549479952,-0.015022077168963765,7732.670506069053,144.93663081938712,2023.2426267509009
0.6,236,30336.909718165174,1.6567959849923803,0.6,12.875851688273615,-0.015235823263846971,7733.958091237881,146.2306008041618,2021.7239004762528
0.6,236.10000000000002,30315.913687509485,1.6539856217951387,0.6,12.880182971287581,-0.015450528024282466,7735.246109535009,147.52520823610612,2020.2051742016047
0.6,236.20000000000002,30294.906007654965,1.6511768620046887,0.6,12.884520417490604,-0.015666196614398293,7736.534561576758,148.8204536908231,2018.6864479269566
0.6,236.3,30273.88675526902,1.6483697085799487,0.6,12.888864045858629,-0.015882834233079426,7737.8234479813445,150.1163377446029,2017.1677216523085
0.6,236.4,30252.85600737948,1.645564164463729,0.6,12.893213875374173,-0.016100446114302756,7739.112769368882,151.41286097442463,2015.6489953776604
0.85,224.5,32656.422567712143,1.9905931807457082,0.7150550879062273,14.605483594840406,-0.009641303051281504,7588.582588191836,1.4614567101783524,2196.377422060783
0.85,224.60000000000002,32637.18657976482,1.9868503980815415,0.85,17.18291278829098,-0.026153951520787266,7590.300879470666,3.202179741122036,2194.2258931716983
0.85,224.70000000000002,32617.944161453284,1.9822032453837561,0.85,17.1905793664815,-0.02651465421266624,7592.019937407314,4.944057579522475,2192.0743642826137
0.85,224.8,32598.699728299864,1.9775553400044668,0.85,17.19825878727289,-0.026878033841928568,7593.739763286041,6.687091652301724,2189.922835393529
0.85,224.9,32579.453315045685,1.9729066891263178,0.85,17.205951129827035,-0.027244114658846425,7595.460358399024,8.431283388417402,2187.7713065044445
0.85,225,32560.20495718904,1.9682572999423065,0.85,17.213656473345573,-0.027612921202619958,7597.181724046359,10.176634218869884,2185.61977761536
0.85,225.10000000000002,32540.954691016115,1.9636071796554935,0.85,17.221374897068344,-0.02798447830560191,7598.903861536066,11.923145576709539,2183.4682487262753
0.85,225.20000000000002,32521.702553580515,1.9589563354793313,0.85,17.229106480275473,-0.02835881109720147,7600.626772184093,13.670818897043954,2181.3167198371907
0.85,225.3,32502.448582730256,1.954304774637415,0.85,17.23685130228609,-0.028735945008216014,7602.350457314322,15.419655617045215,2179.165190948106
0.85,225.4,32483.192817101255,1.9496525043636406,0.85,17.24460944245941,-0.029115905774976646,7604.074918258568,17.169657175957187,2177.0136620590215
0.85,225.5,32463.93529612571,1.9449995319021816,0.85,17.25238098019473,-0.029498719443677757,7605.800156356588,18.92082501510282,2174.862133169937
0.85,225.60000000000002,32444.676060044207,1.9403458645074223,0.85,17.260165994931263,-0.029884412374806334,7607.526172956081,20.673160577891498,2172.7106042808523
0.85,225.70000000000002,32425.41514989827,1.935691509444121,0.85,17.26945389744272,-0.03015234027610207,7609.253118345825,22.42666530982636,2170.5590753917677
0.85,225.8,32406.152610154822,1.931035949438357,0.85,17.279388542122675,-0.030370847511549233,7610.981057200037,24.18134066489058,2168.407546502683
0.85,225.9,32386.8884898331,1.9263789685240356,0.85,17.289337035541227,-0.03059105358461655,7612.7099909035915,25.93718810186682,2166.2560176135985
0.85,226,32367.622839892283,1.9217205736065812,0.85,17.299299426053672,-0.030812974844856095,7614.439920846196,27.694209081628806,2164.104488724514
0.85,226.10000000000002,32348.355712144636,1.917060771616069,0.85,17.309275762094845,-0.0310366278465752,7616.1708484224055,29.452405067148113,2161.9529598354293
0.85,226.20000000000002,32329.087159249,1.9123995695073992,0.85,17.319266092179564,-0.03126202935180731,7617.902775031624,31.211777523500977,2159.8014309463447
0.85,226.3,32309.817234722897,1.9077369742602541,0.85,17.32927046490267,-0.03148919633341566,7619.635702078114,32.97232791787511,2157.64990205726
0.85,226.4,32290.54599294439,1.903072992879169,0.85,17.33928892893927,-0.031718145978206415,7621.3696309710085,34.73405771957658,2155.4983731681755
0.85,226.5,32271.27348916419,1.8984076323934886,0.85,17.349321533044794,-0.03194889569014053,7623.104563124313,36.49696840003667,2153.346844279091
0.85,226.60000000000002,32251.999779507518,1.8937408998574439,0.85,17.359368326055254,-0.03218146309355715,7624.840499956918,38.26106143281879,2151.1953153900063
0.85,226.70000000000002,32232.724920980632,1.8890728023501622,0.85,17.369429356887412,-0.032415866036473784,7626.577442892607,40.02633829362542,2149.0437865009217
0.85,226.8,32213.448971481062,1.8844033469756507,0.85,17.37950467453882,-0.03265212259396081,7628.315393360061,41.79280046030506,2146.892257611837
0.85,226.9,32194.171989804134,1.8797325408628087,0.85,17.389594328088016,-0.032890251071559275,7630.054352792869,43.56044941285919,2144.7407287227525
0.85,227,32174.894035634585,1.875060391165614,0.85,17.399698366695013,-0.03313027000869255,7631.794322629539,45.32928663344933,2142.589199833668
0.85,227.10000000000002,32155.615169575438,1.8703869050628863,0.85,17.409816839600943,-0.03337219818230429,7633.535304313499,47.09931360640401,2140.4376709445833
0.85,227.20000000000002,32136.33545314148,1.8657120897584436,0.85,17.4199497961285,-0.03361605461040313,7635.277299293112,48.870531818225885,2138.2861420554987
0.85,227.3,32117.054948761128,1.8610359524811773,0.85,17.43009728568222,-0.03386185855570767,7637.02030902168,50.64294275759879,2136.134613166414
0.85,227.4,32097.77371979691,1.8563585004848986,0.85,17.44025935774831,-0.034109629529440286,7638.764334957455,52.41654791539486,2133.9830842773295
0.85,227.5,32078.491830541752,1.8516797410484702,0.85,17.450436061895044,-0.0343593872950797,7640.5093785636445,54.19134878468166,2131.831555388245
0.85,227.60000000000002,32059.209346224554,1.8469996814758272,0.85,17.460627447772925,-0.034611151872222946,7642.255441308422,55.967346860729364,2129.6800264991602
0.85,227.70000000000002,32039.926333025098,1.8423183290958902,0.85,17.470833565114656,-0.03486494354055868,7644.002524664933,57.74454364101794,2127.5284976100756
0.85,227.8,32020.64285807032,1.83763569126269,0.85,17.48105446373554,-0.03512078284382778,7645.750630111306,59.522940625244374,2125.376968720991
0.85,227.9,32001.35898944456,1.8329517753553348,0.85,17.49129019353352,-0.0353786905939189,7647.499759130659,61.3025393153299,2123.2254398319064
0.85,228,31982.074796203524,1.828266588777931,0.85,17.501540804489164,-0.03563868787505512,7649.249913211108,63.08334121542729,2121.073910942822
0.85,228.10000000000002,31962.79034837149,1.823580138959694,0.85,17.511806346666074,-0.03590079604798016,7651.001093845774,64.86534783192813,2118.9223820537372
0.85,228.20000000000002,31943.505716945045,1.818892433354981,0.85,17.522086870211034,-0.03616503675425073,7652.753302532796,66.6485606734702,2116.7708531646526
0.85,228.3,31924.22097390797,1.8142034794432025,0.85,17.532382425354,-0.03643143192065812,7654.506540775331,68.43298125094475,2114.619324275568
0.85,228.4,31904.936192239635,1.8095132847288031,0.85,17.54269306240822,-0.036700003763701146,7656.260810081571,70.21861107750394,2112.4677953864834
0.85,228.5,31885.651445908472,1.8048218567414052,0.85,17.55301883177064,-0.03697077479407212,7658.016111964748,72.00545166856826,2110.316266497399
0.85,228.60000000000002,31866.366809891537,1.8001292030356633,0.85,17.563359783921783,-0.03724376782134613,7659.772447943141,73.79350454183391,2108.164737608314
0.85,228.70000000000002,31847.082360171713,1.7954353311913664,0.85,17.573715969426107,-0.03751900595865301,7661.529819540084,75.58277121728032,2106.0132087192296
0.85,228.8,31827.79817375727,1.790740248813288,0.85,17.584087438931824,-0.03779651262753968,7663.288228283977,77.37325321717763,2103.861679830145
0.85,228.9,31808.514328666963,1.7860439635314163,0.85,17.59447424317156,-0.03807631156276209,7665.047675708294,79.16495206609422,2101.7101509410604
0.85,229,31789.23090395797,1.7813464830007164,0.85,17.604876432961994,-0.03835842681736617,7666.80816335159,80.95786929090423,2099.558622051976
0.85,229.10000000000002,31769.947979724966,1.7766478149011957,0.85,17.615294059204167,-0.03864288276772877,7668.569692757511,82.7520064207952,2097.407093162891
0.85,229.20000000000002,31750.66563709639,1.771947966938013,0.85,17.625727172883877,-0.03892970411867901,7670.332265474799,84.54736498727563,2095.2555642738066
0.85,229.3,31731.383958255872,1.7672469468413012,0.85,17.636175825071426,-0.0392189159088344,7672.095883057306,86.34394652418266,2093.104035384722
0.85,229.4,31712.103026444092,1.7625447623662045,0.85,17.646640066921925,-0.03951054351594496,7673.860547063999,88.14175256768968,2090.9525064956374
0.85,229.5,31692.82292596344,1.7578414212928835,0.85,17.657119949675447,-0.0398046126623511,7675.626259058966,89.94078465631412,2088.800977606553
0.85,229.60000000000002,31673.543742182665,1.753136931426521,0.85,17.66761552465718,-0.04010114942054427,7677.393020611432,91.74104433092512,2086.649448717468
0.85,229.70000000000002,31654.26556154806,1.7484313005972503,0.85,17.678126843277482,-0.0404001802188647,7679.160833295759,93.5425331347513,2084.4979198283836
0.85,229.8,31634.98847158812,1.743724536660157,0.85,17.68865395703205,-0.04070173184727551,7680.929698691462,95.34525261338852,2082.346390939299
0.85,229.9,31615.712560919113,1.739016647495264,0.85,17.69919691750207,-0.04100583146325191,7682.6996183832125,97.1492043148078,2080.1948620502144
0.85,230,31596.43791925814,1.7343076410074418,0.85,17.709755776354186,-0.041312506597818016,7684.4705939608475,98.95438978936305,2078.04333316113
0.85,230.10000000000002,31577.164637419395,1.729597525126487,0.85,17.720330585340886,-0.041621785161619046,7686.242627019382,100.76081058979904,2075.891804272045
0.85,230.20000000000002,31557.892807323486,1.7248863078070678,0.85,17.730921396300527,-0.041933695451172474,7688.0157191590115,102.56846827125926,2073.7402753829606
0.85,230.3,31538.62252201792,1.720173997028544,0.85,17.7415282611572,-0.042248266155294666,7689.789871985127,104.37736439129391,2071.588746493876
0.85,230.4,31519.353875658475,1.7154606007952018,0.85,17.752151231921335,-0.04256552636146025,7691.56508710832,106.18750050986785,2069.4372176047914
0.85,230.5,31500.08696353901,1.7107461271359723,0.85,17.762790360689387,-0.04288550556252192,7693.341366144389,107.9988781893686,2067.285688715707
0.85,230.60000000000002,31480.821882084943,1.706030584104533,0.85,17.7734456996442,-0.04320823366338221,7695.118710714353,109.8114989946144,2065.134159826622
0.85,230.70000000000002,31461.55872886628,1.7013139797791992,0.85,17.784117301054962,-0.04353374098789161,7696.897122444459,111.62536449286226,2062.9826309375376
0.85,230.8,31442.297602603212,1.696596322262895,0.85,17.794805217277407,-0.04386205828584436,7698.676602966187,113.44047625381612,2060.831102048453
0.85,230.9,31423.038603172638,1.6918776196831065,0.85,17.805509500753878,-0.04419321674011612,7700.457153916262,115.2568358496349,2058.6795731593684
0.85,231,31403.78183160536,1.687157880191935,0.85,17.816230204013635,-0.04452724797389522,7702.238776936663,117.07444485494074,2056.5280442702838
0.85,231.10000000000002,31384.52739011403,1.682437111965824,0.85,17.82696737967255,-0.04486418405820966,7704.02147367463,118.89330484682716,2054.376515381199
0.85,231.20000000000002,31365.275382080115,1.6777153232057143,0.85,17.83772108043358,-0.045204057519397635,7705.805245782673,120.71341740486733,2052.2249864921146
0.85,231.3,31346.025912070647,1.6729925221368807,0.85,17.848491359086722,-0.045546901346875716,7707.5900949185825,122.53478411112232,2050.07345760303
0.85,231.4,31326.779085836373,1.668268717008964,0.85,17.859278268509204,-0.04589274900096735,7709.376022745433,124.35740655014939,2047.9219287139454
0.85,231.5,31307.53501033038,1.6635439160957872,0.85,17.870081861665426,-0.046241634420990864,7711.1630309316,126.18128630901035,2045.7703998248608
0.85,231.60000000000002,31288.293793712743,1.6588181276953124,0.85,17.880902191607067,-0.04659359203343802,7712.951121150761,128.00642497727992,2043.6188709357762
0.85,231.70000000000002,31269.055545343086,1.654091360129722,0.85,17.891739311473433,-0.04694865676025503,7714.740295081908,129.8328241470541,2041.4673420466916
0.85,231.8,31249.82037580572,1.649363621745156,0.85,17.902593274491235,-0.0473068640274561,7716.530554409357,131.66048541295874,2039.315813157607
0.85,231.9,31230.588396906853,1.6446349209117415,0.85,17.913464133974834,-0.047668249773767386,7718.321900822754,133.48941037215778,2037.1642842685224
0.85,232,31211.359721682034,1.6399052660235085,0.85,17.924351943326343,-0.04803285045949825,7720.114336017087,135.31960062436198,2035.0127553794377
0.85,232.10000000000002,31192.13446440641,1.6351746654982746,0.85,17.9352567560356,-0.04840070307560679,7721.907861692691,137.15105777183737,2032.8612264903531
0.85,232.20000000000002,31172.912740599364,1.6304431277775864,0.85,17.946178625680346,-0.04877184515292036,7723.702479555259,138.9837834194138,2030.7096976012685
0.85,232.3,31153.694667024538,1.6257106613267003,0.85,17.957117605926413,-0.04914631477152029,7725.498191315852,140.8177791744936,2028.558168712184
0.85,232.4,31134.480361713096,1.620977274634332,0.85,17.96807375052747,-0.0495241505704391,7727.294998690904,142.65304664706022,2026.4066398230993
0.85,232.5,31115.269943954423,1.6162429762127224,0.85,17.979047113325443,-0.04990539175738669,7729.0929034022365,144.48958744968692,2024.2551109340147
0.85,232.60000000000002,31096.06353431195,1.611507774597454,0.85,17.99003774825039,-0.05029007811880816,7730.8919071770615,146.32740319754546,2022.1035820449301
0.85,232.70000000000002,31076.861254626885,1.6067716783473822,0.85,18.001045709320657,-0.050678250030085276,7732.692011747994,148.1664955084149,2019.9520531558455
0.85,232.8,31057.66322802473,1.6020346960445364,0.85,18.012071050642913,-0.05106994846596354,7734.493218853058,150.00686600269034,2017.800524266761
0.85,232.9,31038.46957892552,1.5972968362939808,0.85,18.023113826412207,-0.051465215011215606,7736.2955302356995,151.84851630339185,2015.6489953776763
0.85,233,31019.280433050357,1.5925581077237085,0.85,18.034174090912014,-0.05186409187150663,7738.09894764479,153.69144803617317,2013.4974664885917
0.85,233.10000000000002,31000.09591742046,1.5878185189846008,0.85,18.045251898514408,-0.052266621884446585,7739.903472834641,155.53566282933082,2011.3459375995071
0.85,233.20000000000002,30980.916160370223,1.5830780787502547,0.85,18.056347303680067,-0.05267284853094849,7741.70910756501,157.3811623138129,2009.1944087104225
0.85,233.3,30961.74129155744,1.5783367957168255,0.85,18.067460360958243,-0.05308281594681033,7743.515853601106,159.2279481232281,2007.042879821338
0.85,233.4,30942.57144196611,1.5735946786029418,0.85,18.078591124986897,-0.05349656893450097,7745.323712713604,161.07602189385474,2004.8913509322533
0.85,233.5,30923.406743912958,1.5688517361495815,0.85,18.08973965049272,-0.053914152975214326,7747.132686678654,162.92538526464983,2002.7398220431687
0.85,233.60000000000002,30904.247331052087,1.5641079771199577,0.85,18.100905992291292,-0.054335614241169665,7748.942777277883,164.77603987725814,2000.588293154084
0.85,233.70000000000002,30885.09333838988,1.5593634102993068,0.85,18.112090205286947,-0.05476099960822854,7750.753986298411,166.62798737602137,1998.4367642649995
0.85,233.8,30865.94490228221,1.5546180444948385,0.85,18.123292344472972,-0.05519035666868422,7752.566315532858,168.48122940798723,1996.285235375915
0.85,233.9,30846.802160447463,1.5498718885355303,0.85,18.134512464931586,-0.05562373374441121,7754.3797667793515,170.3357676229188,1994.1337064868303
0.85,234,30827.66525197774,1.5451249512719383,0.85,18.145750621833884,-0.05606117990028686,7756.194341841535,172.1916036733037,1991.9821775977457
0.85,234.10000000000002,30808.53431733139,1.5403772415761798,0.85,18.1570068704401,-0.056502744957798154,7758.010042528579,174.04873921436328,1989.830648708661
0.85,234.20000000000002,30789.409498352557,1.53562876834165,0.85,18.16828126609948,-0.056948479509092834,7759.826870655189,175.9071759040622,1987.6791198195765
0.85,234.3,30770.29093827214,1.5308795404829212,0.85,18.179573864250365,-0.057398434931229904,7761.644828041614,177.7669154031176,1985.527590930492
0.85,234.4,30751.17878172174,1.5261295669355002,0.85,18.190884720420136,-0.05785266340081384,7763.463916513656,179.62795937500854,1983.3760620414073
0.85,234.5,30732.073174731806,1.5213788566557451,0.85,18.202213890225362,-0.05831121790885713,7765.284137902679,181.49030948598553,1981.2245331523227
0.85,234.60000000000002,30712.974264740013,1.516627418620668,0.85,18.213561429371822,-0.0587741522760265,7767.105494045616,183.35396740507994,1979.073004263238
0.85,234.70000000000002,30693.882200604305,1.5118752618276983,0.85,18.224927393654422,-0.05924152116824923,7768.927986784982,185.21893480411362,1976.9214753741535
0.85,234.8,30674.797132602893,1.5071223952945565,0.85,18.23631183895731,-0.05971338011258852,7770.751617968877,187.08521335770837,1974.7699464850689
0.85,234.9,30655.719212448224,1.5023688280589986,0.85,18.2477148212538,-0.060189785513548894,7772.576389451003,188.95280474329564,1972.6184175959843
0.85,235,30636.648593286984,1.4976145691786795,0.85,18.2591363966065,-0.06067079466966241,7774.402303090664,190.8217106411262,1970.4668887068997
0.85,235.10000000000002,30617.58542970661,1.4928596277309552,0.8493319092006044,18.256403702057156,-0.061085289388573966,7776.227943460869,192.6904556689121,1968.3170508962332
0.85,235.20000000000002,30598.52984553948,1.488109059838232,0.8447767846527643,18.171143276827586,-0.06108676484594837,7778.045057788552,194.55043890583153,1966.1787430644586
0.85,235.3,30579.48174559418,1.4833922754378048,0.8402323892139136,18.085936144829418,-0.06108465801258503,7779.853651403035,196.40166502888235,1964.0519380539429
0.85,235.4,30560.44084717054,1.478709287160963,0.8357318985361532,18.001488757246108,-0.061082520280552555,7781.653800278759,198.2442123331864,1961.9365247324956
0.85,235.5,30541.406869230792,1.4740598557807407,0.8312751527592005,17.917800770322618,-0.061080382463767374,7783.445580355791,200.07815908067346,1959.8323923725666
0.85,235.60000000000002,30522.379534011707,1.4694437418455284,0.8268617098108247,17.83486580069718,-0.061078244880962015,7785.229066935861,201.90358287080514,1957.7394313655832
0.85,235.70000000000002,30503.358566998504,1.464860707831294,0.8224911301151113,17.75267746662483,-0.0610761075867204,7787.004334682523,203.7205606407995,1955.657533215632
0.85,235.8,30484.34369689785,1.4603105181426224,0.8181629789876692,17.67122943972945,-0.06107397063305787,7788.771457626496,205.52916867124577,1953.5865905270773
0.85,235.9,30465.334655605257,1.4557929390953432,0.8138768266017187,17.590515445168485,-0.06107183407166329,7790.530509171013,207.32948259173435,1951.5264969922655
0.85,236,30446.331178180873,1.4513077388990068,0.809632247934023,17.5105292613541,-0.061069697953978416,7792.281562097149,209.12157738645547,1949.477147379366
0.85,236.10000000000002,30427.333002802916,1.4468546876396304,0.8054288227106625,17.431264719656085,-0.06106756233108345,7794.024688569114,210.90552739976508,1947.4384375203501
0.85,236.20000000000002,30408.339870751835,1.4424335572622498,0.8012661353543901,17.35271570412326,-0.06106542725388518,7795.759960139526,212.68140634171957,1945.410264299103
0.85,236.3,30389.35152637679,1.438044121553711,0.7971437749308596,17.27487615116641,-0.06106329277302765,7797.487447754643,214.44928729357576,1943.3925256396703
0.85,236.4,30370.367717064917,1.4336861561255172,0.7930613350962181,17.197740049255827,-0.06106115893892035,7799.207221759569,216.20924271325734,1941.3851204946402
