height_cm,B_nominal_nT,B_half_nT
45.8846,5663.889,2956.349
45.9615,5663.889,2956.349
46.0385,5663.690,2956.129
46.1154,5662.302,2954.762
46.1923,5663.690,2956.169
46.2692,5663.889,2956.349
46.3462,5663.889,2956.349
46.4231,5663.889,2956.349
46.5000,5663.889,2956.349
46.5769,5663.492,2955.397
46.6538,5663.889,2956.349
46.7308,5663.889,2949.206
46.8077,5655.556,2947.619
46.8846,5654.365,2946.032
46.9615,5653.175,2944.841
47.0385,5651.587,2943.651
47.1154,5650.397,2942.063
47.1923,5649.206,2934.788
47.2692,5641.270,2933.844
47.3462,5641.955,2932.540
47.4231,5639.683,2933.907
47.5000,5641.089,2934.127
47.5769,5641.270,2934.127
47.6538,5641.270,2934.127
47.7308,5641.270,2934.127
47.8077,5641.270,2934.127
47.8846,5641.270,2934.127
47.9615,5640.873,2933.466
48.0385,5639.286,2932.143
48.1154,5639.286,2932.143
48.1923,5639.286,2932.143
48.2692,5639.286,2931.349
48.3462,5638.492,2931.349
48.4231,5637.302,2930.159
48.5000,5636.905,2929.762
48.5769,5636.706,2929.563
48.6538,5635.317,2928.175
48.7308,5636.706,2929.603
48.8077,5636.905,2929.762
48.8846,5636.905,2929.762
48.9615,5636.905,2929.762
49.0385,5636.905,2929.762
49.1154,5636.905,2929.762
49.1923,5636.905,2929.762
49.2692,5636.905,2929.762
49.3462,5636.905,2929.762
49.4231,5636.905,2929.762
49.5000,5636.905,2929.762
49.5769,5636.111,2929.762
49.6538,5636.111,2930.159
49.7308,5636.111,2930.159
49.8077,5635.913,2929.938
49.8846,5634.524,2928.571
49.9615,5635.913,2929.978
50.0385,5636.111,2930.159
50.1154,5636.111,2930.159
50.1923,5636.111,2930.159
50.2692,5636.111,2930.159
50.3462,5636.111,2930.159
50.4231,5636.111,2930.159
50.5000,5636.111,2929.762
50.5769,5636.111,2929.762
50.6538,5636.111,2929.762
50.7308,5636.111,2928.968
50.8077,5636.111,2928.968
50.8846,5636.508,2929.365
50.9615,5636.508,2929.365
51.0385,5636.287,2929.145
51.1154,5634.921,2927.778
51.1923,5636.287,2929.185
51.2692,5636.508,2929.365
51.3462,5636.508,2929.365
51.4231,5636.508,2929.365
51.5000,5636.508,2929.365
51.5769,5636.508,2929.365
51.6538,5636.508,2929.365
51.7308,5636.508,2928.968
51.8077,5636.111,2928.968
51.8846,5636.111,2928.968
51.9615,5636.111,2928.175
52.0385,5635.317,2928.571
52.1154,5636.111,2928.571
52.1923,5636.111,2928.351
52.2692,5635.913,2926.984
52.3462,5634.524,2928.351
52.4231,5635.952,2928.571
52.5000,5636.111,2928.571
52.5769,5636.111,2928.571
52.6538,5636.111,2928.571
52.7308,5636.111,2928.571
52.8077,5636.111,2928.571
52.8846,5636.111,2928.175
52.9615,5635.317,2927.381
53.0385,5635.317,2927.381
53.1154,5635.317,2927.381
53.1923,5636.111,2927.381
53.2692,5636.905,2927.381
53.3462,5636.905,2927.381
53.4231,5636.706,2927.183
53.5000,5635.317,2925.794
53.5769,5636.706,2927.222
53.6538,5636.905,2927.381
53.7308,5636.905,2927.381
53.8077,5636.905,2927.381
53.8846,5636.905,2927.381
53.9615,5636.905,2927.381
54.0385,5636.905,2927.381
54.1154,5636.905,2926.587
54.1923,5636.905,2926.587
54.2692,5636.905,2926.587
54.3462,5636.905,2927.381
54.4231,5636.905,2927.381
54.5000,5638.095,2927.381
54.5769,5638.492,2926.190
54.6538,5638.294,2925.794
54.7308,5636.905,2926.190
54.8077,5638.333,2927.381
54.8846,5638.492,2927.381
54.9615,5638.492,2927.381
55.0385,5638.492,2927.381
55.1154,5638.492,2927.381
55.1923,5638.492,2927.381
55.2692,5638.492,2927.381
55.3462,5638.492,2928.175
55.4231,5638.492,2928.175
55.5000,5639.286,2928.175
55.5769,5639.286,2928.968
55.6538,5640.079,2929.365
55.7308,5640.079,2929.145
55.8077,5639.881,2927.778
55.8846,5638.492,2929.145
55.9615,5639.921,2929.365
56.0385,5640.079,2929.365
56.1154,5640.079,2929.365
56.1923,5640.079,2929.365
56.2692,5640.079,2929.365
56.3462,5640.079,2929.365
56.4231,5640.476,2929.762
56.5000,5641.667,2930.556
56.5769,5641.667,2930.556
56.6538,5642.460,2931.349
56.7308,5642.460,2932.672
56.8077,5643.651,2933.333
56.8846,5644.048,2933.113
56.9615,5643.849,2931.746
57.0385,5642.460,2933.113
57.1154,5643.889,2933.333
57.1923,5644.048,2933.333
57.2692,5644.048,2933.333
57.3462,5644.048,2933.333
57.4231,5644.048,2933.333
57.5000,5644.048,2933.333
57.5769,5644.444,2933.730
57.6538,5645.635,2934.524
57.7308,5645.635,2935.317
57.8077,5646.429,2935.317
57.8846,5647.619,2937.434
57.9615,5648.016,2938.095
58.0385,5647.817,2937.875
58.1154,5646.429,2936.508
58.1923,5647.817,2937.915
58.2692,5648.016,2938.095
58.3462,5648.016,2938.095
58.4231,5648.016,2938.095
58.5000,5648.016,2938.095
58.5769,5648.016,2938.095
58.6538,5648.016,2938.095
58.7308,5648.413,2939.286
58.8077,5649.603,2939.286
58.8846,5649.603,2940.079
58.9615,5650.397,2940.079
59.0385,5651.720,2941.667
59.1154,5652.381,2941.402
59.1923,5652.160,2940.079
59.2692,5650.794,2941.468
59.3462,5652.201,2941.667
59.4231,5652.381,2941.667
59.5000,5652.381,2941.667
59.5769,5652.381,2941.667
59.6538,5652.381,2941.667
59.7308,5652.381,2941.667
59.8077,5652.381,2941.667
59.8846,5651.984,2941.667
59.9615,5651.984,2941.667
60.0385,5651.984,2941.667
60.1154,5652.778,2941.667
60.1923,5652.778,2941.667
60.2692,5652.579,2941.468
60.3462,5651.190,2940.079
60.4231,5652.579,2941.508
60.5000,5652.778,2941.667
60.5769,5652.778,2941.667
60.6538,5652.778,2941.667
60.7308,5652.778,2941.667
60.8077,5652.778,2941.667
60.8846,5652.778,2941.667
60.9615,5652.778,2941.667
61.0385,5651.984,2941.667
61.1154,5651.984,2941.667
61.1923,5652.778,2941.667
61.2692,5652.778,2941.667
61.3462,5652.579,2941.468
61.4231,5651.190,2940.079
61.5000,5652.579,2941.508
61.5769,5652.778,2941.667
61.6538,5652.778,2941.667
61.7308,5652.778,2941.667
61.8077,5652.778,2941.667
61.8846,5652.778,2941.667
61.9615,5652.778,2941.667
62.0385,5652.778,2941.667
62.1154,5651.984,2941.667
62.1923,5652.778,2940.873
62.2692,5652.778,2941.270
62.3462,5652.778,2940.986
62.4231,5652.579,2939.683
62.5000,5651.190,2939.683
62.5769,5652.619,2941.089
62.6538,5652.778,2941.270
62.7308,5652.778,2941.270
62.8077,5652.778,2941.270
62.8846,5652.778,2941.270
62.9615,5652.778,2941.270
63.0385,5652.778,2941.270
63.1154,5652.778,2941.667
63.1923,5652.778,2941.667
63.2692,5653.571,2942.460
63.3462,5654.365,2942.460
63.4231,5654.365,2942.163
63.5000,5654.167,2941.270
63.5769,5652.778,2942.163
63.6538,5654.206,2942.460
63.7308,5654.365,2942.460
63.8077,5654.365,2942.460
63.8846,5654.365,2942.460
63.9615,5654.365,2942.460
64.0385,5654.365,2942.460
64.1154,5654.365,2942.460
64.1923,5654.365,2943.254
64.2692,5654.365,2944.048
64.3462,5655.952,2945.238
64.4231,5656.349,2945.635
64.5000,5656.129,2945.437
64.5769,5654.762,2944.048
64.6538,5656.129,2945.476
64.7308,5656.349,2945.635
64.8077,5656.349,2945.635
64.8846,5656.349,2945.635
64.9615,5656.349,2945.635
65.0385,5656.349,2945.635
65.1154,5656.349,2945.635
65.1923,5656.746,2946.429
65.2692,5657.540,2946.429
65.3462,5659.656,2948.214
65.4231,5660.317,2948.810
65.5000,5660.097,2948.611
65.5769,5658.730,2947.222
65.6538,5660.097,2948.651
65.7308,5660.317,2948.810
65.8077,5660.317,2948.810
65.8846,5660.317,2948.810
65.9615,5660.317,2948.810
66.0385,5660.317,2948.810
66.1154,5660.317,2948.810
66.1923,5660.317,2948.810
66.2692,5660.714,2948.810
66.3462,5661.508,2950.397
66.4231,5662.897,2950.397
66.5000,5662.415,2950.099
66.5769,5661.111,2949.206
66.6538,5662.004,2950.159
66.7308,5662.302,2950.397
66.8077,5662.302,2950.397
66.8846,5662.302,2950.397
66.9615,5662.302,2950.397
67.0385,5662.302,2950.397
67.1154,5662.302,2950.397
67.1923,5662.302,2948.810
67.2692,5661.508,2948.810
67.3462,5661.111,2948.016
67.4231,5661.111,2947.619
67.5000,5660.891,2947.399
67.5769,5659.524,2946.032
67.6538,5660.891,2947.439
67.7308,5661.111,2947.619
67.8077,5661.111,2947.619
67.8846,5661.111,2947.619
67.9615,5661.111,2947.619
68.0385,5661.111,2947.619
68.1154,5661.111,2946.958
68.1923,5661.111,2945.635
68.2692,5658.333,2944.841
68.3462,5656.217,2943.056
68.4231,5655.556,2942.460
68.5000,5655.335,2942.262
68.5769,5653.968,2940.873
68.6538,5655.335,2942.302
68.7308,5655.556,2942.460
68.8077,5655.556,2942.460
68.8846,5655.556,2942.460
68.9615,5655.556,2942.460
69.0385,5655.556,2942.460
69.1154,5655.556,2941.865
69.1923,5655.556,2939.286
69.2692,5651.984,2936.706
69.3462,5649.603,2936.111
69.4231,5648.545,2935.913
69.5000,5647.222,2934.524
69.5769,5648.611,2935.952
69.6538,5648.810,2936.111
69.7308,5648.810,2936.111
69.8077,5648.810,2936.111
69.8846,5648.810,2936.111
69.9615,5648.810,2936.111
70.0385,5648.413,2936.111
70.1154,5648.810,2932.143
70.1923,5644.841,2928.175
70.2692,5642.725,2928.175
70.3462,5642.063,2927.976
70.4231,5641.843,2926.587
70.5000,5640.476,2927.976
70.5769,5641.883,2928.175
70.6538,5642.063,2928.175
70.7308,5642.063,2928.175
70.8077,5642.063,2928.175
70.8846,5642.063,2928.175
70.9615,5642.063,2928.175
71.0385,5642.063,2927.579
71.1154,5638.492,2923.810
71.1923,5636.376,2923.413
71.2692,5635.714,2923.214
71.3462,5635.494,2921.825
71.4231,5634.127,2923.214
71.5000,5635.534,2923.413
71.5769,5635.714,2923.413
71.6538,5635.714,2923.413
71.7308,5635.714,2923.413
71.8077,5635.714,2923.413
71.8846,5635.714,2923.016
71.9615,5635.053,2923.413
72.0385,5632.937,2915.873
72.1154,5631.151,2915.873
72.1923,5630.556,2915.653
72.2692,5630.258,2914.286
72.3462,5629.365,2915.653
72.4231,5630.317,2915.873
72.5000,5630.556,2915.873
72.5769,5630.556,2915.873
72.6538,5630.556,2915.873
72.7308,5630.556,2915.873
72.8077,5630.556,2915.873
72.8846,5630.556,2915.873
72.9615,5624.206,2909.524
73.0385,5624.206,2909.524
73.1154,5624.008,2909.303
73.1923,5622.619,2907.937
73.2692,5624.008,2909.343
73.3462,5624.206,2909.524
73.4231,5624.206,2909.524
73.5000,5624.206,2909.524
73.5769,5624.206,2909.524
73.6538,5624.206,2909.524
73.7308,5623.710,2909.524
73.8077,5624.206,2901.984
73.8846,5615.476,2902.381
73.9615,5615.476,2901.786
74.0385,5615.278,2900.397
74.1154,5613.889,2901.786
74.1923,5615.317,2901.984
74.2692,5615.476,2901.984
74.3462,5615.476,2901.984
74.4231,5615.476,2901.984
74.5000,5615.476,2901.984
74.5769,5615.476,2901.587
74.6538,5615.476,2901.984
74.7308,5609.524,2894.444
74.8077,5609.524,2893.849
74.8846,5609.303,2892.460
74.9615,5607.937,2893.849
75.0385,5609.343,2894.048
75.1154,5609.524,2894.048
75.1923,5609.524,2894.048
75.2692,5609.524,2894.048
75.3462,5609.524,2894.048
75.4231,5609.524,2893.651
75.5000,5609.524,2894.048
75.5769,5602.778,2888.294
75.6538,5602.778,2887.698
75.7308,5602.579,2887.401
75.8077,5601.190,2886.508
75.8846,5602.619,2887.460
75.9615,5602.778,2887.698
76.0385,5602.778,2887.698
76.1154,5602.778,2887.698
76.1923,5602.778,2887.698
76.2692,5602.778,2887.698
76.3462,5602.778,2887.698
76.4231,5597.024,2880.952
76.5000,5596.429,2879.365
76.5769,5596.230,2878.968
76.6538,5594.841,2879.365
76.7308,5596.270,2880.556
76.8077,5596.429,2880.556
76.8846,5596.429,2880.556
76.9615,5596.429,2880.556
77.0385,5596.429,2880.556
77.1154,5596.032,2880.556
77.1923,5596.429,2878.175
77.2692,5589.683,2875.794
77.3462,5589.462,2875.595
77.4231,5588.095,2874.206
77.5000,5589.462,2875.635
77.5769,5589.683,2875.794
77.6538,5589.683,2875.794
77.7308,5589.683,2875.794
77.8077,5589.683,2875.794
77.8846,5589.683,2875.794
77.9615,5589.683,2875.397
78.0385,5585.582,2871.429
78.1154,5584.921,2871.208
78.1923,5584.700,2869.841
78.2692,5583.333,2871.208
78.3462,5584.740,2871.429
78.4231,5584.921,2871.429
78.5000,5584.921,2871.429
78.5769,5584.921,2871.429
78.6538,5584.921,2871.429
78.7308,5584.921,2870.635
78.8077,5583.333,2868.254
78.8846,5582.143,2867.240
78.9615,5581.944,2865.873
79.0385,5580.556,2867.240
79.1154,5581.984,2867.460
79.1923,5582.143,2867.460
79.2692,5582.143,2867.460
79.3462,5582.143,2867.460
79.4231,5582.143,2867.460
79.5000,5582.143,2867.063
79.5769,5580.556,2865.079
79.6538,5578.968,2864.484
79.7308,5578.770,2863.095
79.8077,5577.381,2864.484
79.8846,5578.810,2864.683
79.9615,5578.968,2864.683
80.0385,5578.968,2864.683
80.1154,5578.968,2864.683
80.1923,5578.968,2864.683
80.2692,5578.968,2863.889
80.3462,5577.778,2862.302
80.4231,5576.190,2861.310
80.5000,5575.970,2859.921
80.5769,5574.603,2861.310
80.6538,5576.010,2861.508
80.7308,5576.190,2861.508
80.8077,5576.190,2861.508
80.8846,5576.190,2861.508
80.9615,5576.190,2861.508
81.0385,5575.794,2861.508
81.1154,5573.413,2859.921
81.1923,5572.795,2859.722
81.2692,5571.429,2858.333
81.3462,5572.795,2859.762
81.4231,5573.016,2859.921
81.5000,5573.016,2859.921
81.5769,5573.016,2859.921
81.6538,5573.016,2859.921
81.7308,5573.016,2859.524
81.8077,5572.222,2857.937
81.8846,5570.238,2857.341
81.9615,5569.246,2855.952
82.0385,5567.857,2857.341
82.1154,5569.286,2857.540
82.1923,5569.444,2857.540
82.2692,5569.444,2857.540
82.3462,5569.444,2857.540
82.4231,5569.444,2857.540
82.5000,5569.048,2856.349
82.5769,5567.063,2855.335
82.6538,5566.446,2853.968
82.7308,5565.079,2855.335
82.8077,5566.486,2855.556
82.8846,5566.667,2855.556
82.9615,5566.667,2855.556
83.0385,5566.667,2855.556
83.1154,5566.667,2855.159
83.1923,5566.270,2853.968
83.2692,5564.286,2852.249
83.3462,5563.690,2850.397
83.4231,5562.302,2851.786
83.5000,5563.730,2851.984
83.5769,5563.889,2851.984
83.6538,5563.889,2851.984
83.7308,5563.889,2851.984
83.8077,5563.889,2851.190
83.8846,5563.095,2850.000
83.9615,5561.508,2848.651
84.0385,5560.516,2846.825
84.1154,5559.127,2847.718
84.1923,5560.556,2848.016
84.2692,5560.714,2848.016
84.3462,5560.714,2848.016
84.4231,5560.714,2848.016
84.5000,5559.524,2848.016
84.5769,5558.333,2846.825
84.6538,5557.035,2845.437
84.7308,5554.762,2844.048
84.8077,5555.655,2845.476
84.8846,5555.952,2845.635
84.9615,5555.952,2845.635
85.0385,5555.952,2845.635
85.1154,5555.952,2845.238
85.1923,5555.952,2844.048
85.2692,5554.365,2842.725
85.3462,5552.954,2840.873
85.4231,5551.587,2842.262
85.5000,5552.994,2842.460
85.5769,5554.762,2842.460
85.6538,5553.175,2842.460
85.7308,5553.175,2842.460
85.8077,5553.175,2841.270
85.8846,5551.984,2840.368
85.9615,5550.198,2838.095
86.0385,5548.016,2839.462
86.1154,5550.238,2839.683
86.1923,5550.397,2839.683
86.2692,5550.397,2839.683
86.3462,5550.397,2839.683
86.4231,5550.397,2839.683
86.5000,5550.794,2839.087
86.5769,5550.573,2837.698
86.6538,5549.206,2839.087
86.7308,5550.613,2839.286
86.8077,5550.794,2839.286
86.8846,5550.794,2839.286
86.9615,5550.794,2839.286
87.0385,5551.190,2839.286
87.1154,5552.381,2839.782
87.1923,5553.748,2838.889
87.2692,5552.778,2839.782
87.3462,5554.206,2840.079
87.4231,5554.365,2840.079
87.5000,5554.365,2840.079
87.5769,5555.159,2840.873
87.6538,5555.952,2840.945
87.7308,5556.481,2840.476
87.8077,5555.952,2842.637
87.8846,5558.175,2843.254
87.9615,5558.333,2843.254
88.0385,5558.333,2843.254
88.1154,5559.722,2843.651
88.1923,5560.714,2844.444
88.2692,5561.224,2844.986
88.3462,5560.813,2844.444
88.4231,5563.690,2846.270
88.5000,5563.889,2846.429
88.5769,5563.889,2846.429
88.6538,5563.889,2846.429
88.7308,5567.014,2849.206
88.8077,5567.157,2849.709
88.8846,5566.270,2851.190
88.9615,5570.833,2852.619
89.0385,5571.032,2852.778
89.1154,5571.032,2852.778
89.1923,5571.032,2854.167
89.2692,5571.032,2855.159
89.3462,5574.157,2855.669
89.4231,5574.735,2855.258
89.5000,5576.587,2858.135
89.5769,5578.016,2858.333
89.6538,5578.175,2858.333
89.7308,5578.175,2858.333
89.8077,5578.175,2858.730
89.8846,5578.968,2859.271
89.9615,5586.508,2867.630
90.0385,5588.668,2870.079
90.1154,5588.889,2870.238
90.1923,5588.889,2870.238
90.2692,5588.889,2870.238
90.3462,5589.683,2871.032
90.4231,5588.889,2870.238
90.5000,5600.397,2882.287
90.5769,5602.540,2883.730
90.6538,5602.778,2883.730
90.7308,5602.778,2883.730
90.8077,5602.778,2883.730
90.8846,5602.778,2883.730
90.9615,5602.778,2883.730
91.0385,5602.778,2883.730
