n,temperature_uK,delta_g_nm_s2
2,0.0671,-2.97
2,0.1830,-7.12
2,0.2378,-9.19
2,0.3536,-13.32
2,0.3598,-14.01
2,0.4754,-18.84
2,0.5608,-21.59
2,0.6401,-25.02
2,0.8534,-31.92
2,0.9570,-35.38
2,0.9814,-36.06
2,1.0910,-39.49
2,1.8103,-62.94
2,1.9076,-66.40
2,2.6389,-85.70
2,3.5897,-103.60
2,4.2844,-116.00
2,4.3027,-116.00
2,4.7598,-123.61
2,6.1858,-142.20
2,7.2097,-153.24
2,7.4780,-157.38
2,8.0873,-163.56
2,9.7024,-175.97
2,10.2142,-175.97
2,10.9396,-178.04
4,0.0673,8.05
4,0.1830,21.15
4,0.2379,27.35
4,0.3536,39.75
4,0.3596,39.75
4,0.4756,52.15
4,0.5609,60.44
4,0.6399,67.33
4,0.8532,87.31
4,0.9569,95.58
4,0.9812,96.96
4,1.0910,108.00
4,1.8101,153.49
4,1.9078,159.67
4,2.6390,193.48
4,3.5896,224.46
4,4.2845,236.18
4,4.3028,235.50
4,4.7598,246.54
4,6.1860,260.32
4,7.2098,265.84
4,7.4778,269.98
4,7.4778,268.59
4,8.0874,269.98
4,9.7023,272.74
4,10.2142,269.27
4,10.9395,265.84
6,0.0640,-16.07
6,0.1800,-40.19
6,0.2346,-51.91
6,0.3506,-74.67
6,0.3566,-74.67
6,0.4726,-96.03
6,0.5579,-109.80
6,0.6369,-120.16
6,0.8502,-147.72
6,0.9539,-160.83
6,0.9782,-162.89
6,1.0879,-174.59
6,1.8071,-224.90
6,1.9048,-226.30
6,2.6360,-242.84
6,3.5866,-244.22
6,4.2815,-235.94
6,4.2997,-232.50
6,4.7568,-225.62
6,6.1830,-195.96
6,7.2068,-171.84
6,7.4748,-167.01
6,7.4748,-171.16
6,8.0844,-156.00
6,9.6993,-124.99
6,10.2112,-111.87
6,10.9365,-104.98
8,0.0671,26.65
8,0.1830,64.57
8,0.2378,82.49
8,0.3536,114.20
8,0.3598,114.88
8,0.4754,141.75
8,0.5608,158.99
8,0.6401,172.09
8,0.8534,201.04
8,0.9570,210.68
8,0.9814,212.08
8,1.0910,220.33
8,1.8103,228.62
8,1.9076,228.62
8,2.6389,189.32
8,3.5897,128.67
8,4.2844,73.53
8,4.3027,67.32
8,4.7598,38.37
8,6.1858,-51.93
8,7.2097,-113.95
8,7.4780,-127.72
8,7.4780,-128.44
8,8.0873,-158.06
8,9.7024,-228.35
8,10.2142,-242.82
8,10.9396,-266.98
10,0.0673,-38.83
10,0.1830,-91.20
10,0.2379,-113.95
10,0.3536,-151.86
10,0.3596,-153.22
10,0.4756,-182.88
10,0.5609,-198.03
10,0.6399,-209.07
10,0.8532,-224.22
10,0.9569,-226.98
10,0.9812,-226.30
10,1.0910,-222.15
10,1.8101,-149.79
10,1.9078,-138.07
10,2.6390,-21.57
10,3.5896,119.01
10,4.2845,214.13
10,4.3028,217.60
10,4.7598,266.52
10,6.1860,416.10
10,7.2098,488.47
10,7.4778,503.62
10,7.4778,502.94
10,8.0874,550.50
10,9.7023,627.69
10,10.2142,654.56
10,10.9395,676.63
